-- CREATE TABLES & INSERT STATEMENTS
-- 'Continent'
	-- Table
CREATE TABLE Continent (
    id SERIAL PRIMARY KEY,
    name VARCHAR(30) NOT NULL
);
	-- Insert
INSERT INTO Continent (id, name) VALUES
(1, 'Africa'),
(2, 'Antarctica'),
(3, 'Asia'),
(4, 'Australia/Oceania'),
(5, 'Europe'),
(6, 'North America'),
(7, 'South America');
SELECT * FROM continent

CREATE TABLE Nationality (
    id SERIAL PRIMARY KEY,
    country VARCHAR(255) NOT NULL,
    population INT,
    region VARCHAR(255),
    continent_id INT,
    FOREIGN KEY (continent_id) REFERENCES Continent(id)
);
	-- Insert
INSERT INTO Nationality (id, country, population, region, continent_id) VALUES
(1, 'China', 1439323776, 'East Asia', 3),
(2, 'India', 1380004385, 'South Asia', 3),
(3, 'United States', 331002651, 'North America', 6),
(4, 'Indonesia', 273523615, 'Southeast Asia', 3),
(5, 'Pakistan', 220892340, 'East Mediterranean', 3),
(6, 'Brazil', 212559417, 'South America', 7),
(7, 'Nigeria', 206139589, 'West Africa', 1),
(8, 'Bangladesh', 164689383, 'Southeast Asia', 3),
(9, 'Russia', 145934462, 'East Europe', 5),
(10, 'Mexico', 128932753, 'North America', 6),
(11, 'Japan', 126476461, 'East Asia', 3),
(12, 'Ethiopia', 114963588, 'East Africa', 1),
(13, 'Philippines', 109581078, 'Southeast Asia', 3),
(14, 'Egypt', 102334404, 'Northeast Africa', 1),
(15, 'Vietnam', 97338579, 'Southeast Asia', 3),
(16, 'DR Congo', 89561403, 'Central Africa', 1),
(17, 'Turkey', 84339067, 'Thrace', 5),
(18, 'Iran', 83992949, 'Middle East', 3),
(19, 'Germany', 83783942, 'North-central Europe', 5),
(20, 'Thailand', 69799978, 'Southeast Asia', 3),
(21, 'United Kingdom', 67886011, 'West Europe', 5),
(22, 'France', 65273511, 'Northwest Europe', 5),
(23, 'Italy', 60461826, 'South Europe', 5),
(24, 'Tanzania', 59734218, 'African Great Lakes', 1),
(25, 'South Africa', 59308690, 'South Africa', 1),
(26, 'Myanmar', 54409800, 'Southeast Asia', 3),
(27, 'Kenya', 53771296, 'East Africa', 1),
(28, 'South Korea', 51269185, 'East Asia', 3),
(29, 'Colombia', 50882891, 'South America', 7),
(30, 'Spain', 46754778, 'Iberian Peninsula', 5),
(31, 'Uganda', 45741007, 'Eastern Africa', 1),
(32, 'Argentina', 45195774, 'South America', 7),
(33, 'Algeria', 43851044, 'Maghreb', 1),
(34, 'Sudan', 43849260, 'Northeast Africa', 1),
(35, 'Ukraine', 43733762, 'East Europe', 5),
(36, 'Iraq', 40222493, 'Middle East', 3),
(37, 'Afghanistan', 38928346, 'Central Asia', 3),
(38, 'Poland', 37846611, 'Central Europe', 5),
(39, 'Canada', 37742154, 'North America', 6),
(40, 'Morocco', 36910560, 'Maghreb', 1),
(41, 'Saudi Arabia', 34813871, 'Middle East', 3),
(42, 'Uzbekistan', 33469203, 'Central Asia', 3),
(43, 'Peru', 32971854, 'South America', 7),
(44, 'Angola', 32866272, 'South Africa', 1),
(45, 'Malaysia', 32365999, 'Southeast Asia', 3),
(46, 'Mozambique', 31255435, 'Southeast Africa', 1),
(47, 'Ghana', 31072940, 'West Africa', 1),
(48, 'Yemen', 29825964, 'Middle East', 3),
(49, 'Nepal', 29136808, 'South Asia', 3),
(50, 'Venezuela', 28435940, 'South America', 7),
(51, 'Madagascar', 27691018, 'Southeast Africa', 1),
(52, 'Cameroon', 26545863, 'Central Africa', 1),
(53, 'Côte dIvoire', 26378274, 'West Africa', 1),
(54, 'North Korea', 25778816, 'East Asia', 3),
(55, 'Australia', 25499884, 'Oceania', 4),
(56, 'Taiwan', 23816775, 'East Asia', 3),
(57, 'Niger', 24206644, 'West Africa', 1),
(58, 'Sri Lanka', 21413249, 'South Asia', 3),
(59, 'Burkina Faso', 20903273, 'West Africa', 1),
(60, 'Mali', 20250833, 'West Africa', 1),
(61, 'Romania', 19237691, 'Southeast Europe', 5),
(62, 'Malawi', 19129952, 'Southeast Africa', 1),
(63, 'Chile', 19116201, 'South America', 7),
(64, 'Kazakhstan', 18776707, 'Central Asia', 3),
(65, 'Zambia', 18383955, 'South Africa', 1),
(66, 'Guatemala', 17915568, 'Central America', 6),
(67, 'Ecuador', 17643054, 'South America', 7),
(68, 'Syria', 17500658, 'Southwest Asia', 3),
(69, 'Netherlands', 17134872, 'Northwest Europe', 5),
(70, 'Senegal', 16743927, 'West Africa', 1),
(71, 'Cambodia', 16718965, 'Southeast Asia', 3),
(72, 'Chad', 16425864, 'North-central Africa', 1),
(73, 'Somalia', 15893222, 'East Africa', 1),
(74, 'Zimbabwe', 14862924, 'South Africa', 1),
(75, 'Guinea', 13132795, 'West Africa', 1),
(76, 'Rwanda', 12952218, 'Central Africa', 1),
(77, 'Benin', 12123200, 'West Africa', 1),
(78, 'Tunisia', 11818619, 'Maghreb', 1),
(79, 'Bolivia', 11673021, 'South America', 7),
(80, 'Haiti', 11402528, 'Caribbean Sea', 6),
(81, 'Burundi', 11890784, 'East-central Africa', 1),
(82, 'South Sudan', 11193725, 'East Africa', 1),
(83, 'Dominican Republic', 10847910, 'Caribbean Sea', 6),
(84, 'Czech Republic', 10708981, 'Central Europe', 5),
(85, 'Greece', 10423054, 'Balkans', 5),
(86, 'Jordan', 10203134, 'Middle East', 3),
(87, 'Portugal', 10196709, 'Iberian Peninsula', 5),
(88, 'Azerbaijan', 10139177, 'South Caucasus', 5),
(89, 'Sweden', 10099265, 'Scandinavian Peninsula', 5),
(90, 'Honduras', 9904607, 'Central America', 6),
(91, 'United Arab Emirates', 9890402, 'Middle East', 3),
(92, 'Hungary', 9660351, 'Central Europe', 5),
(93, 'Belarus', 9449323, 'East Europe', 5),
(94, 'Tajikistan', 9537645, 'Central Asia', 3),
(95, 'Austria', 9006398, 'Central Europe', 5),
(96, 'Papua New Guinea', 8947024, 'Oceania', 4),
(97, 'Serbia', 8737371, 'Balkans', 5),
(98, 'Switzerland', 8654622, 'Central Europe', 5),
(99, 'Israel', 8655535, 'Middle East', 3),
(100, 'Togo', 8278724, 'West Africa', 1);
SELECT * FROM nationality

-- 'Referee'
	-- Table
CREATE TABLE Referee (
    id SERIAL PRIMARY KEY,
    first_name VARCHAR(30) NOT NULL,
    last_name VARCHAR(30) NOT NULL,
    age INT NOT NULL,
	nationality_id INT,
    FOREIGN KEY (nationality_id) REFERENCES Nationality(id)
);
	-- Insert
INSERT INTO Referee (id, first_name, last_name, age, nationality_id) VALUES
(1, 'Emily', 'Johnson', 32, 3),
(2, 'Juan', 'Rodriguez', 45, 10),
(3, 'Sophie', 'Dubois', 40, 22),
(4, 'Ahmed', 'Al-Mansouri', 36, 41),
(5, 'Natasha', 'Ivanova', 35, 9),
(6, 'Pablo', 'Hernandez', 29, 30),
(7, 'Mei', 'Chen', 31, 1),
(8, 'Luca', 'Rossi', 37, 23),
(9, 'Priya', 'Patel', 49, 2),
(10, 'Anders', 'Johansson', 38, 89),
(11, 'Liam', 'O''Malley', 33, 21),
(12, 'Maria', 'Silva', 46, 6),
(13, 'Yukiko', 'Tanaka', 36, 11),
(14, 'Markus', 'Muller', 34, 19),
(15, 'Fatima', 'Khan', 34, 5),
(16, 'Matias', 'Fernandez', 41, 32),
(17, 'Leila', 'Mahamoudi', 29, 18),
(18, 'Adam', 'Smith', 35, 21),
(19, 'Anna', 'Kowalski', 31, 38),
(20, 'Johan', 'van der Berg', 37, 69),
(21, 'Gary', 'Riley', 51, 84),
(22, 'Laurie', 'Thompson', 50, 29),
(23, 'Jennifer', 'Shelton', 39, 100),
(24, 'Diamond', 'Murphy', 41, 91);
SELECT * FROM Referee

-- 'Team'
DROP TABLE team
	-- Table
CREATE TABLE Team (
    id SERIAL PRIMARY KEY,
    team_name VARCHAR(30) NOT NULL,
    wins INT NOT NULL,
    losses INT NOT NULL,
    draws INT NOT NULL,
    roster INT,
    sponsor VARCHAR(30)
);
	-- Insert
INSERT INTO Team (id, team_name, wins, losses, draws, roster, sponsor) VALUES
(1, 'Arsenal', 18, 14, 6, 11, 'Emirates'),
(2, 'Aston Villa', 16, 16, 6, 11, 'BK8'),
(3, 'Bournemouth', 15, 18, 5, 11, 'Hollywood Bets'),
(4, 'Brentford', 21, 11, 6, 11, 'American Express'),
(5, 'Brighton', 18, 18, 2, 11, 'W88'),
(6, 'Chelsea', 13, 18, 7, 11, 'BingX'),
(7, 'Crystal Palace', 15, 16, 7, 11, 'W88'),
(8, 'Everton', 16, 17, 5, 11, 'Stake.com'),
(9, 'Fulham', 18, 12, 8, 11, 'Sbotop'),
(10, 'Leeds United', 14, 17, 7, 11, 'Boxt'),
(11, 'Leicester City', 20, 12, 6, 11, 'Standard Chartered'),
(12, 'Liverpool', 14, 17, 7, 11, 'Etihad'),
(13, 'Manchester City', 11, 20, 7, 11, 'TeamViewer'),
(14, 'Manchester United', 12, 16, 10, 11, 'Sela'),
(15, 'Newcastle United', 21, 13, 4, 11, 'Lotus'),
(16, 'Nottingham Forest', 11, 21, 6, 11, 'Sportsbet.io'),
(17, 'Southampton', 14, 15, 9, 11, 'AIA'),
(18, 'Tottenham Hotspur', 18, 15, 5, 11, 'Stake.com'),
(19, 'West Ham United', 15, 18, 5, 11, 'betway'),
(20, 'Wolverhampton', 20, 16, 2, 11, 'AstroPay'),
(21, 'Birmingham', 20, 16, 10, 11, 'UNDEFEATED'),
(22, 'Blackburn Rovers', 15, 23, 8, 11, 'Totally Wicked'),
(23, 'Blackpool', 23, 19, 4, 11, 'LeoVegas Group'),
(24, 'Bristol City', 17, 23, 6, 11, 'Huboo'),
(25, 'Burnley', 15, 24, 7, 11, 'Dude Perfect'),
(26, 'Cardiff City', 13, 23, 10, 11, 'Visit Malaysia'),
(27, 'Coventry City', 21, 19, 6, 11, 'BoyleSports'),
(28, 'Huddersfield', 20, 19, 7, 11, 'Utilita'),
(29, 'Hull City', 17, 15, 14, 11, 'Giacom'),
(30, 'Luton Town', 15, 21, 10, 11, 'Utilita'),
(31, 'Middlesbrough', 20, 18, 8, 11, 'Foundation'),
(32, 'Millwall', 15, 25, 6, 11, 'Huski Chocolate'),
(33, 'Norwich City', 20, 22, 4, 11, 'Lotus'),
(34, 'Preston', 23, 14, 9, 11, 'Par Group'),
(35, 'QPR', 19, 21, 6, 11, 'Convivia'),
(36, 'Reading', 24, 17, 5, 11, 'Selectcar'),
(37, 'Rotherham', 18, 22, 6, 11, 'Rotherham Hospice'),
(38, 'Sheffield Wednesday', 20, 19, 7, 11, 'CFI'),
(39, 'Stoke City', 25, 18, 3, 11, 'bet365'),
(40, 'Sunderland', 20, 17, 9, 11, 'SpreadEX'),
(41, 'Swansea', 26, 14, 6, 11, 'Owens'),
(42, 'Watford', 20, 17, 9, 11, 'MrQ'),
(43, 'West Brom', 16, 21, 9, 11, 'Ideal Heating'),
(44, 'Wigan Athletic', 23, 18, 5, 11, 'Westwood Vehicle Solutions');
SELECT * FROM Team

-- 'Team Records'
	-- Table
CREATE TABLE Team_Records (
    id SERIAL PRIMARY KEY,
    team_id INT NOT NULL,
    total_matches INT NOT NULL,
    wins INT NOT NULL,
    draws INT NOT NULL,
    losses INT NOT NULL,
    goals INT NOT NULL,
    goals_conceded INT NOT NULL,
    clean_sheets INT NOT NULL,
    FOREIGN KEY (team_id) REFERENCES Team(id)
);
	-- Insert
INSERT INTO Team_records (id, team_id, total_matches, wins, losses, draws, goals, goals_conceded, clean_sheets) VALUES
(1, 1, 1222, 667, 260, 295, 2180, 1217, 464),
(2, 2, 1110, 391, 409, 310, 1384, 1448, 321),
(3, 3, 259, 78, 124, 57, 325, 458, 53),
(4, 4, 109, 36, 44, 29, 153, 160, 27),
(5, 5, 260, 77, 99, 84, 314, 361, 66),
(6, 6, 1221, 642, 276, 309, 2072, 1224, 479),
(7, 7, 572, 164, 258, 150, 624, 830, 143),
(8, 8, 1222, 435, 447, 340, 1558, 1586, 368),
(9, 9, 641, 189, 285, 167, 735, 937, 170),
(10, 10, 582, 223, 208, 151, 793, 784, 179),
(11, 11, 650, 218, 265, 357, 871, 938, 168),
(12, 12, 1223, 649, 273, 301, 2168, 1227, 465),
(13, 13, 1032, 523, 287, 222, 1828, 1133, 356),
(14, 14, 1223, 741, 213, 269, 2290, 1157, 503),
(15, 15, 1104, 416, 405, 283, 1514, 1502, 291),
(16, 16, 268, 76, 114, 78, 309, 413, 57),
(17, 17, 924, 280, 396, 248, 1114, 1355, 237),
(18, 18, 1222, 538, 391, 293, 1880, 1550, 346),
(19, 19, 1067, 359, 439, 269, 1329, 1542, 273),
(20, 20, 374, 113, 168, 93, 406, 571, 83),
(21, 21, 266, 73, 111, 82, 273, 360, 66),
(22, 22, 696, 262, 250, 184, 927, 907, 210),
(23, 23, 38, 10, 19, 9, 55, 78, 6),
(24, 24, 0, 0, 0, 0, 0, 0, 0),
(25, 25, 337, 87, 166, 84, 333, 523, 80),
(26, 26, 76, 17, 46, 13, 66, 143, 17),
(27, 27, 354, 99, 143, 112, 387, 490, 92),
(28, 28, 76, 12, 47, 17, 50, 134, 15),
(29, 29, 190, 41, 101, 48, 181, 323, 38),
(30, 30, 33, 6, 20, 7, 46, 70, 2),
(31, 31, 574, 165, 240, 169, 648, 794, 147),
(32, 32, 0, 0, 0, 0, 0, 0, 0),
(33, 33, 392, 99, 188, 105, 414, 669, 78),
(34, 34, 0, 0, 0, 0, 0, 0, 0),
(35, 35, 278, 81, 132, 65, 339, 431, 53),
(36, 36, 114, 32, 59, 23, 136, 186, 26),
(37, 37, 0, 0, 0, 0, 0, 0, 0),
(38, 38, 316, 101, 126, 89, 409, 453, 78),
(39, 39, 380, 116, 155, 109, 398, 525, 101),
(40, 40, 608, 153, 296, 159, 612, 904, 150),
(41, 41, 266, 82, 118, 66, 306, 383, 71),
(42, 42, 305, 73, 165, 67, 310, 518, 62),
(43, 43, 494, 117, 238, 139, 510, 772, 107),
(44, 44, 304, 85, 143, 76, 316, 482, 73);
SELECT * FROM team_records

-- 'League'
DROP TABLE league
	-- Table
CREATE TABLE League (
    id SERIAL PRIMARY KEY,
    trophy_name VARCHAR(30) NOT NULL,
    introduction_year INT NOT NULL,
    league_name VARCHAR(30) NOT NULL,
    team_capacity INT NOT NULL
);
	-- Insert
INSERT INTO League (id, trophy_name, introduction_year, league_name, team_capacity) VALUES
(1, 'Premier League', 1992, 'Premier League', 20),
(2, 'EFL Championship', 2004, 'Championship League', 20),
(3, 'FA Cup', 1871, 'FA Cup', 124),
(4, 'League Cup', 1960, 'League Cup', 72),
(5, 'UEFA Champions League', 1955, 'Champions League', 32),
(6, 'UEFA Europa League', 1971, 'Europa League', 32),
(7, 'Community Shield', 1908, 'Community Shield', 2);
SELECT * FROM League

-- 'Player'
DROP TABLE player
	-- Table
CREATE TABLE Player (
    id SERIAL PRIMARY KEY,
    first_name VARCHAR(50) NOT NULL,
    last_name VARCHAR(50) NOT NULL,
    age INT NOT NULL,
    position VARCHAR(50) NOT NULL,
    primary_foot VARCHAR(30) NOT NULL,
	team_id INT,
	nationality_id INT,
    FOREIGN KEY (team_id) REFERENCES Team(id),
    FOREIGN KEY (nationality_id) REFERENCES Nationality(id)
);
	-- Insert
INSERT INTO Player (id, first_name, last_name, age, position, primary_foot, team_id, nationality_id) VALUES
(1, 'Liam', 'Garcia', 24, 'Forward', 'Right', 1, 76),
(2, 'Noah', 'Martinez', 28, 'Defender', 'Left', 1, 49),
(3, 'Ethan', 'Lopez', 30, 'Midfielder', 'Right', 1, 22),
(4, 'Mason', 'Rodriguez', 26, 'Goalkeeper', 'Left', 1, 11),
(5, 'Logan', 'Hernandez', 23, 'Forward', 'Right', 1, 36),
(6, 'James', 'Gonzalez', 29, 'Defender', 'Left', 1, 81),
(7, 'Oliver', 'Wilson', 27, 'Midfielder', 'Right', 1, 94),
(8, 'William', 'Anderson', 25, 'Goalkeeper', 'Left', 1, 18),
(9, 'Benjamin', 'Diaz', 23, 'Forward', 'Right', 1, 65),
(10, 'Samuel', 'Taylor', 27, 'Defender', 'Left', 1, 33),
(11, 'David', 'Harris', 29, 'Midfielder', 'Right', 1, 88),
(12, 'Joseph', 'Clark', 25, 'Goalkeeper', 'Left', 2, 7),
(13, 'Michael', 'Martinez', 28, 'Forward', 'Right', 2, 55),
(14, 'Elijah', 'Brown', 24, 'Defender', 'Left', 2, 29),
(15, 'Daniel', 'Thomas', 26, 'Midfielder', 'Right', 2, 72),
(16, 'Matthew', 'Rodriguez', 30, 'Goalkeeper', 'Left', 2, 41),
(17, 'Alexander', 'Lopez', 23, 'Forward', 'Right', 2, 90),
(18, 'William', 'Perez', 27, 'Defender', 'Left', 2, 3),
(19, 'Michael', 'Taylor', 29, 'Midfielder', 'Right', 2, 82),
(20, 'Elijah', 'Jackson', 25, 'Goalkeeper', 'Left', 2, 37),
(21, 'Daniel', 'Anderson', 28, 'Forward', 'Right', 2, 70),
(22, 'Alexander', 'Hernandez', 24, 'Defender', 'Left', 2, 9),
(23, 'Matthew', 'Wilson', 26, 'Midfielder', 'Right', 3, 64),
(24, 'James', 'Martinez', 30, 'Goalkeeper', 'Left', 3, 25),
(25, 'Michael', 'Rodriguez', 23, 'Forward', 'Right', 3, 83),
(26, 'Ethan', 'Davis', 27, 'Defender', 'Left', 3, 56),
(27, 'David', 'Wilson', 29, 'Midfielder', 'Right', 3, 21),
(28, 'Benjamin', 'Taylor', 25, 'Goalkeeper', 'Left', 3, 74),
(29, 'Joseph', 'Garcia', 28, 'Forward', 'Right', 3, 48),
(30, 'Lucas', 'Martinez', 24, 'Defender', 'Left', 3, 1),
(31, 'Alexander', 'Brown', 26, 'Midfielder', 'Right', 3, 46),
(32, 'Daniel', 'Lee', 30, 'Goalkeeper', 'Left', 3, 17),
(33, 'William', 'Perez', 23, 'Forward', 'Right', 3, 77),
(34, 'James', 'Hernandez', 27, 'Defender', 'Left', 4, 43),
(35, 'Benjamin', 'Smith', 29, 'Midfielder', 'Right', 4, 96),
(36, 'Matthew', 'Garcia', 25, 'Goalkeeper', 'Left', 4, 68),
(37, 'Elijah', 'Johnson', 30, 'Forward', 'Right', 4, 15),
(38, 'Michael', 'Perez', 24, 'Defender', 'Left', 4, 72),
(39, 'Ethan', 'Anderson', 28, 'Midfielder', 'Right', 4, 29),
(40, 'Daniel', 'Martin', 26, 'Goalkeeper', 'Left', 4, 53),
(41, 'Alexander', 'Wilson', 30, 'Forward', 'Right', 4, 86),
(42, 'William', 'Brown', 23, 'Defender', 'Left', 4, 19),
(43, 'Michael', 'Lee', 27, 'Midfielder', 'Right', 4, 98),
(44, 'Elijah', 'Garcia', 29, 'Goalkeeper', 'Left', 4, 59),
(45, 'Daniel', 'Brown', 25, 'Forward', 'Right', 5, 35),
(46, 'Alexander', 'Garcia', 23, 'Defender', 'Left', 5, 100),
(47, 'William', 'Lee', 27, 'Midfielder', 'Right', 5, 4),
(48, 'Michael', 'Martinez', 29, 'Goalkeeper', 'Left', 5, 63),
(49, 'Ethan', 'Gonzalez', 25, 'Forward', 'Right', 5, 20),
(50, 'Daniel', 'Wilson', 28, 'Defender', 'Left', 5, 61),
(51, 'Alexander', 'Harris', 24, 'Midfielder', 'Right', 5, 90),
(52, 'William', 'Garcia', 26, 'Goalkeeper', 'Left', 5, 32),
(53, 'Benjamin', 'Thomas', 30, 'Forward', 'Right', 5, 55),
(54, 'Samuel', 'Lopez', 23, 'Defender', 'Left', 5, 26),
(55, 'David', 'Perez', 27, 'Midfielder', 'Right', 5, 79),
(56, 'Joseph', 'Hernandez', 29, 'Goalkeeper', 'Left', 6, 14),
(57, 'Michael', 'Smith', 25, 'Forward', 'Right', 6, 87),
(58, 'Elijah', 'Davis', 28, 'Defender', 'Left', 6, 39),
(59, 'Daniel', 'Taylor', 26, 'Midfielder', 'Right', 6, 58),
(60, 'Matthew', 'Johnson', 30, 'Goalkeeper', 'Left', 6, 12),
(61, 'Alexander', 'Martinez', 23, 'Forward', 'Right', 6, 67),
(62, 'William', 'Brown', 27, 'Defender', 'Left', 6, 38),
(63, 'Michael', 'Garcia', 29, 'Midfielder', 'Right', 6, 93),
(64, 'Elijah', 'Wilson', 25, 'Goalkeeper', 'Left', 6, 7),
(65, 'Daniel', 'Hernandez', 28, 'Forward', 'Right', 6, 44),
(66, 'Alexander', 'Perez', 24, 'Defender', 'Left', 6, 73),
(67, 'William', 'Davis', 26, 'Midfielder', 'Right', 7, 16),
(68, 'Michael', 'Lopez', 30, 'Goalkeeper', 'Left', 7, 69),
(69, 'Ethan', 'Martinez', 23, 'Forward', 'Right', 7, 57),
(70, 'Daniel', 'Brown', 27, 'Defender', 'Left', 7, 24),
(71, 'Alexander', 'Taylor', 29, 'Midfielder', 'Right', 7, 66),
(72, 'William', 'Hernandez', 25, 'Goalkeeper', 'Left', 7, 3),
(73, 'Benjamin', 'Garcia', 28, 'Forward', 'Right', 7, 78),
(74, 'Samuel', 'Martinez', 24, 'Defender', 'Left', 7, 28),
(75, 'David', 'Rodriguez', 26, 'Midfielder', 'Right', 7, 99),
(76, 'Joseph', 'Brown', 30, 'Goalkeeper', 'Left', 7, 2),
(77, 'Michael', 'Anderson', 23, 'Forward', 'Right', 7, 89),
(78, 'Elijah', 'Thomas', 27, 'Defender', 'Left', 8, 30),
(79, 'Daniel', 'Garcia', 29, 'Midfielder', 'Right', 8, 75),
(80, 'Matthew', 'Hernandez', 25, 'Goalkeeper', 'Left', 8, 19),
(81, 'Alexander', 'Brown', 28, 'Forward', 'Right', 8, 62),
(82, 'William', 'Taylor', 24, 'Defender', 'Left', 8, 47),
(83, 'Michael', 'Perez', 26, 'Midfielder', 'Right', 8, 80),
(84, 'Elijah', 'Garcia', 30, 'Goalkeeper', 'Left', 8, 10),
(85, 'Daniel', 'Smith', 23, 'Forward', 'Right', 8, 23),
(86, 'Alexander', 'Wilson', 27, 'Defender', 'Left', 8, 71),
(87, 'William', 'Martinez', 29, 'Midfielder', 'Right', 8, 6),
(88, 'Michael', 'Brown', 25, 'Goalkeeper', 'Left', 8, 54),
(89, 'Ethan', 'Thomas', 28, 'Forward', 'Right', 9, 37),
(90, 'Daniel', 'Hernandez', 30, 'Defender', 'Left', 9, 42),
(91, 'Alexander', 'Garcia', 24, 'Midfielder', 'Right', 9, 65),
(92, 'William', 'Martinez', 26, 'Goalkeeper', 'Left', 9, 8),
(93, 'Benjamin', 'Rodriguez', 23, 'Forward', 'Right', 9, 51),
(94, 'Samuel', 'Brown', 27, 'Defender', 'Left', 9, 84),
(95, 'David', 'Taylor', 29, 'Midfielder', 'Right', 9, 27),
(96, 'Joseph', 'Hernandez', 25, 'Goalkeeper', 'Left', 9, 60),
(97, 'Michael', 'Garcia', 28, 'Forward', 'Right', 9, 5),
(98, 'Noah', 'Hernandez', 24, 'Forward', 'Right', 9, 76),
(99, 'Elijah', 'Martinez', 28, 'Defender', 'Left', 9, 49),
(100, 'William', 'Garcia', 30, 'Midfielder', 'Right', 10, 22),
(101, 'Benjamin', 'Rodriguez', 26, 'Goalkeeper', 'Left', 10, 11),
(102, 'Lucas', 'Wilson', 23, 'Forward', 'Right', 10, 36),
(103, 'Samuel', 'Lopez', 29, 'Defender', 'Left', 10, 81),
(104, 'Ethan', 'Brown', 27, 'Midfielder', 'Right', 10, 94),
(105, 'Alexander', 'Anderson', 25, 'Goalkeeper', 'Left', 10, 18),
(106, 'Henry', 'Taylor', 23, 'Forward', 'Right', 10, 65),
(107, 'Daniel', 'Perez', 27, 'Defender', 'Left', 10, 33),
(108, 'James', 'Davis', 29, 'Midfielder', 'Right', 10, 88),
(109, 'Michael', 'Clark', 25, 'Goalkeeper', 'Left', 10, 7),
(110, 'Benjamin', 'Smith', 28, 'Forward', 'Right', 10, 55),
(111, 'Elijah', 'Thompson', 24, 'Defender', 'Left', 11, 29),
(112, 'William', 'Lee', 26, 'Midfielder', 'Right', 11, 72),
(113, 'Logan', 'Adams', 30, 'Goalkeeper', 'Left', 11, 41),
(114, 'Samuel', 'Martin', 23, 'Forward', 'Right', 11, 90),
(115, 'Matthew', 'Harris', 27, 'Defender', 'Left', 11, 3),
(116, 'Oliver', 'White', 29, 'Midfielder', 'Right', 11, 82),
(117, 'Ethan', 'Garcia', 25, 'Goalkeeper', 'Left', 11, 37),
(118, 'Benjamin', 'Miller', 28, 'Forward', 'Right', 11, 70),
(119, 'Lucas', 'Jackson', 24, 'Defender', 'Left', 11, 9),
(120, 'Alexander', 'Moore', 26, 'Midfielder', 'Right', 11, 64),
(121, 'James', 'Hill', 30, 'Goalkeeper', 'Left', 11, 25),
(122, 'Michael', 'Allen', 23, 'Forward', 'Right', 12, 83),
(123, 'Elijah', 'King', 27, 'Defender', 'Left', 12, 56),
(124, 'William', 'Baker', 29, 'Midfielder', 'Right', 12, 21),
(125, 'Benjamin', 'Campbell', 25, 'Goalkeeper', 'Left', 12, 74),
(126, 'Samuel', 'Ward', 28, 'Forward', 'Right', 12, 48),
(127, 'Matthew', 'Cooper', 24, 'Defender', 'Left', 12, 1),
(128, 'Oliver', 'Reed', 26, 'Midfielder', 'Right', 12, 46),
(129, 'Ethan', 'Rivera', 30, 'Goalkeeper', 'Left', 12, 17),
(130, 'Benjamin', 'Wood', 23, 'Forward', 'Right', 12, 77),
(131, 'Lucas', 'Brooks', 27, 'Defender', 'Left', 12, 43),
(132, 'Samuel', 'Powell', 29, 'Midfielder', 'Right', 12, 96),
(133, 'William', 'Russell', 25, 'Goalkeeper', 'Left', 13, 68),
(134, 'Oliver', 'Hughes', 28, 'Forward', 'Right', 13, 15),
(135, 'Ethan', 'Perry', 24, 'Defender', 'Left', 13, 72),
(136, 'Benjamin', 'Watson', 26, 'Midfielder', 'Right', 13, 29),
(137, 'Lucas', 'Ross', 30, 'Goalkeeper', 'Left', 13, 53),
(138, 'Samuel', 'Edwards', 23, 'Forward', 'Right', 13, 86),
(139, 'Matthew', 'Price', 27, 'Defender', 'Left', 13, 19),
(140, 'Oliver', 'Bennett', 29, 'Midfielder', 'Right', 13, 98),
(141, 'Ethan', 'Brooks', 25, 'Goalkeeper', 'Left', 13, 20),
(142, 'Benjamin', 'Hayes', 28, 'Forward', 'Right', 13, 35),
(143, 'Lucas', 'Gray', 24, 'Defender', 'Left', 13, 100),
(144, 'Samuel', 'Ramirez', 26, 'Midfielder', 'Right', 14, 4),
(145, 'William', 'Henderson', 30, 'Goalkeeper', 'Left', 14, 63),
(146, 'Oliver', 'Coleman', 23, 'Forward', 'Right', 14, 57),
(147, 'Ethan', 'Howard', 27, 'Defender', 'Left', 14, 20),
(148, 'Benjamin', 'Ward', 29, 'Midfielder', 'Right', 14, 93),
(149, 'Lucas', 'Foster', 25, 'Goalkeeper', 'Left', 14, 7),
(150, 'Samuel', 'Barnes', 28, 'Forward', 'Right', 14, 44),
(151, 'Matthew', 'Patterson', 24, 'Defender', 'Left', 14, 73),
(152, 'Oliver', 'Simmons', 26, 'Midfielder', 'Right', 14, 16),
(153, 'Ethan', 'Flores', 30, 'Goalkeeper', 'Left', 14, 69),
(154, 'Benjamin', 'Long', 23, 'Forward', 'Right', 14, 89),
(155, 'Lucas', 'Cooper', 27, 'Defender', 'Left', 15, 42),
(156, 'Samuel', 'Sanders', 29, 'Midfielder', 'Right', 15, 75),
(157, 'William', 'Jenkins', 25, 'Goalkeeper', 'Left', 15, 32),
(158, 'Oliver', 'Nichols', 28, 'Forward', 'Right', 15, 51),
(159, 'Ethan', 'Coleman', 24, 'Defender', 'Left', 15, 84),
(160, 'Benjamin', 'Barnes', 26, 'Midfielder', 'Right', 15, 27),
(161, 'Lucas', 'Peterson', 30, 'Goalkeeper', 'Left', 15, 60),
(162, 'Samuel', 'Price', 23, 'Forward', 'Right', 15, 12),
(163, 'Matthew', 'Rivera', 27, 'Defender', 'Left', 15, 67),
(164, 'Oliver', 'Crawford', 29, 'Midfielder', 'Right', 15, 38),
(165, 'Ethan', 'Berry', 25, 'Goalkeeper', 'Left', 15, 63),
(166, 'Benjamin', 'Reid', 28, 'Forward', 'Right', 16, 54),
(167, 'Lucas', 'Morrison', 24, 'Defender', 'Left', 16, 37),
(168, 'Samuel', 'Bryant', 26, 'Midfielder', 'Right', 16, 42),
(169, 'William', 'Graham', 30, 'Goalkeeper', 'Left', 16, 65),
(170, 'Oliver', 'Simmons', 23, 'Forward', 'Right', 16, 78),
(171, 'Ethan', 'Foster', 27, 'Defender', 'Left', 16, 28),
(172, 'Benjamin', 'Collins', 29, 'Midfielder', 'Right', 16, 55),
(173, 'Lucas', 'Rodriguez', 25, 'Goalkeeper', 'Left', 16, 8),
(174, 'Samuel', 'Murphy', 28, 'Forward', 'Right', 16, 47),
(175, 'Matthew', 'Coleman', 24, 'Defender', 'Left', 16, 80),
(176, 'Oliver', 'Gonzalez', 26, 'Midfielder', 'Right', 16, 5),
(177, 'Ethan', 'Ramirez', 30, 'Goalkeeper', 'Left', 17, 68),
(178, 'Noah', 'Wilson', 24, 'Forward', 'Right', 17, 76),
(179, 'Elijah', 'Johnson', 28, 'Defender', 'Left', 17, 49),
(180, 'William', 'Thompson', 30, 'Midfielder', 'Right', 17, 22),
(181, 'Benjamin', 'Davis', 26, 'Goalkeeper', 'Left', 17, 11),
(182, 'Lucas', 'Martinez', 23, 'Forward', 'Right', 17, 36),
(183, 'Samuel', 'Brown', 29, 'Defender', 'Left', 17, 81),
(184, 'Ethan', 'Anderson', 27, 'Midfielder', 'Right', 17, 94),
(185, 'Alexander', 'Harris', 25, 'Goalkeeper', 'Left', 17, 18),
(186, 'Henry', 'Lee', 23, 'Forward', 'Right', 17, 65),
(187, 'Daniel', 'Perez', 27, 'Defender', 'Left', 17, 33),
(188, 'James', 'Miller', 29, 'Midfielder', 'Right', 18, 88),
(189, 'Michael', 'Taylor', 25, 'Goalkeeper', 'Left', 18, 7),
(190, 'Benjamin', 'Moore', 28, 'Forward', 'Right', 18, 55),
(191, 'Elijah', 'Robinson', 24, 'Defender', 'Left', 18, 29),
(192, 'William', 'White', 26, 'Midfielder', 'Right', 18, 72),
(193, 'Logan', 'Jackson', 30, 'Goalkeeper', 'Left', 18, 41),
(194, 'Samuel', 'Thompson', 23, 'Forward', 'Right', 18, 90),
(195, 'Ethan', 'Harris', 27, 'Defender', 'Left', 18, 3),
(196, 'Oliver', 'Young', 29, 'Midfielder', 'Right', 18, 82),
(197, 'Matthew', 'Martinez', 25, 'Goalkeeper', 'Left', 18, 37),
(198, 'Alexander', 'Clark', 28, 'Forward', 'Right', 18, 70),
(199, 'James', 'Lewis', 24, 'Defender', 'Left', 19, 9),
(200, 'Michael', 'Hill', 26, 'Midfielder', 'Right', 19, 64),
(201, 'Elijah', 'King', 30, 'Goalkeeper', 'Left', 19, 25),
(202, 'William', 'Rodriguez', 23, 'Forward', 'Right', 19, 83),
(203, 'Oliver', 'Walker', 27, 'Defender', 'Left', 19, 56),
(204, 'Ethan', 'Baker', 29, 'Midfielder', 'Right', 19, 21),
(205, 'Benjamin', 'Mitchell', 25, 'Goalkeeper', 'Left', 19, 74),
(206, 'Lucas', 'Perez', 28, 'Forward', 'Right', 19, 48),
(207, 'Samuel', 'Roberts', 24, 'Defender', 'Left', 19, 1),
(208, 'Daniel', 'Bailey', 26, 'Midfielder', 'Right', 19, 46),
(209, 'James', 'Evans', 30, 'Goalkeeper', 'Left', 19, 17),
(210, 'Michael', 'Howard', 23, 'Forward', 'Right', 20, 77),
(211, 'Elijah', 'Harris', 27, 'Defender', 'Left', 20, 43),
(212, 'William', 'Cox', 29, 'Midfielder', 'Right', 20, 96),
(213, 'Oliver', 'Rivera', 25, 'Goalkeeper', 'Left', 20, 68),
(214, 'Ethan', 'Collins', 28, 'Forward', 'Right', 20, 15),
(215, 'Benjamin', 'Stewart', 24, 'Defender', 'Left', 20, 72),
(216, 'Lucas', 'Murphy', 26, 'Midfielder', 'Right', 20, 46),
(217, 'Samuel', 'Barnes', 30, 'Goalkeeper', 'Left', 20, 3),
(218, 'Matthew', 'Scott', 23, 'Forward', 'Right', 20, 77),
(219, 'Alexander', 'Gonzalez', 27, 'Defender', 'Left', 20, 43),
(220, 'James', 'Parker', 29, 'Midfielder', 'Right', 20, 96),
(221, 'Michael', 'Coleman', 25, 'Goalkeeper', 'Left', 21, 68),
(222, 'Elijah', 'Cook', 28, 'Forward', 'Right', 21, 15),
(223, 'William', 'Griffin', 24, 'Defender', 'Left', 21, 72),
(224, 'Oliver', 'Hayes', 26, 'Midfielder', 'Right', 21, 46),
(225, 'Ethan', 'Foster', 30, 'Goalkeeper', 'Left', 21, 17),
(226, 'Benjamin', 'Reed', 23, 'Forward', 'Right', 21, 77),
(227, 'Lucas', 'Simmons', 27, 'Defender', 'Left', 21, 43),
(228, 'Samuel', 'Bennett', 29, 'Midfielder', 'Right', 21, 96),
(229, 'Matthew', 'Ward', 25, 'Goalkeeper', 'Left', 21, 68),
(230, 'Alexander', 'Murphy', 28, 'Forward', 'Right', 21, 15),
(231, 'James', 'Barnes', 24, 'Defender', 'Left', 21, 72),
(232, 'Michael', 'Scott', 26, 'Midfielder', 'Right', 22, 46),
(233, 'Elijah', 'Gonzalez', 30, 'Goalkeeper', 'Left', 22, 3),
(234, 'William', 'Coleman', 23, 'Forward', 'Right', 22, 77),
(235, 'Oliver', 'Cook', 27, 'Defender', 'Left', 22, 43),
(236, 'Ethan', 'Griffin', 29, 'Midfielder', 'Right', 22, 96),
(237, 'Benjamin', 'Hayes', 25, 'Goalkeeper', 'Left', 22, 68),
(238, 'Lucas', 'Foster', 28, 'Forward', 'Right', 22, 15),
(239, 'Samuel', 'Reed', 24, 'Defender', 'Left', 22, 72),
(240, 'Matthew', 'Simmons', 26, 'Midfielder', 'Right', 22, 46),
(241, 'Alexander', 'Ward', 30, 'Goalkeeper', 'Left', 22, 17),
(242, 'Noah', 'Ramirez', 24, 'Forward', 'Right', 22, 76),
(243, 'Elijah', 'Sanchez', 28, 'Defender', 'Left', 23, 49),
(244, 'William', 'Nguyen', 30, 'Midfielder', 'Right', 23, 22),
(245, 'Benjamin', 'Patel', 26, 'Goalkeeper', 'Left', 23, 11),
(246, 'Lucas', 'Flores', 23, 'Forward', 'Right', 23, 36),
(247, 'Samuel', 'Lewis', 29, 'Defender', 'Left', 23, 81),
(248, 'Ethan', 'Stewart', 27, 'Midfielder', 'Right', 23, 94),
(249, 'Alexander', 'Campbell', 25, 'Goalkeeper', 'Left', 23, 18),
(250, 'Henry', 'Cooper', 23, 'Forward', 'Right', 23, 65),
(251, 'Daniel', 'Ross', 27, 'Defender', 'Left', 23, 33),
(252, 'James', 'Bennett', 29, 'Midfielder', 'Right', 23, 88),
(253, 'Michael', 'Simmons', 25, 'Goalkeeper', 'Left', 23, 7),
(254, 'Benjamin', 'Barnes', 28, 'Forward', 'Right', 24, 55),
(255, 'Elijah', 'Price', 24, 'Defender', 'Left', 24, 29),
(256, 'William', 'Cox', 26, 'Midfielder', 'Right', 24, 72),
(257, 'Logan', 'Howard', 30, 'Goalkeeper', 'Left', 24, 41),
(258, 'Samuel', 'Griffin', 23, 'Forward', 'Right', 24, 90),
(259, 'Ethan', 'Parker', 27, 'Defender', 'Left', 24, 3),
(260, 'Oliver', 'Richardson', 29, 'Midfielder', 'Right', 24, 82),
(261, 'Matthew', 'Martinez', 25, 'Goalkeeper', 'Left', 24, 37),
(262, 'Alexander', 'Hill', 28, 'Forward', 'Right', 24, 70),
(263, 'James', 'Long', 24, 'Defender', 'Left', 24, 9),
(264, 'Michael', 'King', 26, 'Midfielder', 'Right', 24, 64),
(265, 'Elijah', 'Patel', 30, 'Goalkeeper', 'Left', 25, 25),
(266, 'William', 'Butler', 23, 'Forward', 'Right', 25, 83),
(267, 'Oliver', 'Brooks', 27, 'Defender', 'Left', 25, 56),
(268, 'Ethan', 'Cook', 29, 'Midfielder', 'Right', 25, 21),
(269, 'Benjamin', 'Mitchell', 25, 'Goalkeeper', 'Left', 25, 74),
(270, 'Lucas', 'Powell', 28, 'Forward', 'Right', 25, 48),
(271, 'Samuel', 'Russell', 24, 'Defender', 'Left', 25, 1),
(272, 'Daniel', 'Bennett', 26, 'Midfielder', 'Right', 25, 46),
(273, 'James', 'Evans', 30, 'Goalkeeper', 'Left', 25, 17),
(274, 'Michael', 'Coleman', 23, 'Forward', 'Right', 25, 77),
(275, 'Elijah', 'Edwards', 27, 'Defender', 'Left', 25, 43),
(276, 'William', 'Martinez', 29, 'Midfielder', 'Right', 26, 96),
(277, 'Oliver', 'Fisher', 25, 'Goalkeeper', 'Left', 26, 68),
(278, 'Ethan', 'Garcia', 28, 'Forward', 'Right', 26, 15),
(279, 'Benjamin', 'Roberts', 24, 'Defender', 'Left', 26, 72),
(280, 'Lucas', 'Morgan', 26, 'Midfielder', 'Right', 26, 46),
(281, 'Samuel', 'Hayes', 30, 'Goalkeeper', 'Left', 26, 3),
(282, 'Matthew', 'Alexander', 23, 'Forward', 'Right', 26, 77),
(283, 'Alexander', 'Bell', 27, 'Defender', 'Left', 26, 43),
(284, 'James', 'Morris', 29, 'Midfielder', 'Right', 26, 96),
(285, 'Michael', 'Rodriguez', 25, 'Goalkeeper', 'Left', 26, 68),
(286, 'Elijah', 'Griffin', 28, 'Forward', 'Right', 26, 15),
(287, 'William', 'Watson', 24, 'Defender', 'Left', 27, 72),
(288, 'Oliver', 'Cox', 26, 'Midfielder', 'Right', 27, 46),
(289, 'Ethan', 'Collins', 30, 'Goalkeeper', 'Left', 27, 17),
(290, 'Benjamin', 'Ward', 23, 'Forward', 'Right', 27, 77),
(291, 'Lucas', 'Peterson', 27, 'Defender', 'Left', 27, 43),
(292, 'Samuel', 'Murphy', 29, 'Midfielder', 'Right', 27, 96),
(293, 'Matthew', 'Stewart', 25, 'Goalkeeper', 'Left', 27, 68),
(294, 'Alexander', 'Hayes', 28, 'Forward', 'Right', 27, 15),
(295, 'James', 'Cook', 24, 'Defender', 'Left', 27, 72),
(296, 'Michael', 'Griffin', 26, 'Midfielder', 'Right', 27, 46),
(297, 'Elijah', 'Simmons', 30, 'Goalkeeper', 'Left', 27, 3),
(298, 'William', 'Foster', 23, 'Forward', 'Right', 28, 77),
(299, 'Oliver', 'Reed', 27, 'Defender', 'Left', 28, 43),
(300, 'Ethan', 'Ward', 29, 'Midfielder', 'Right', 28, 96),
(301, 'Benjamin', 'Simmons', 25, 'Goalkeeper', 'Left', 28, 68),
(302, 'Lucas', 'Cook', 28, 'Forward', 'Right', 28, 15),
(303, 'Samuel', 'Hayes', 24, 'Defender', 'Left', 28, 72),
(304, 'Matthew', 'Griffin', 26, 'Midfielder', 'Right', 28, 46),
(305, 'Alexander', 'Simmons', 30, 'Goalkeeper', 'Left', 28, 17),
(306, 'Noah', 'Nguyen', 24, 'Forward', 'Right', 28, 76),
(307, 'Elijah', 'Martinez', 28, 'Defender', 'Left', 28, 49),
(308, 'William', 'Johnson', 30, 'Midfielder', 'Right', 28, 22),
(309, 'Benjamin', 'Sanchez', 26, 'Goalkeeper', 'Left', 29, 11),
(310, 'Lucas', 'Garcia', 23, 'Forward', 'Right', 29, 36),
(311, 'Samuel', 'Patel', 29, 'Defender', 'Left', 29, 81),
(312, 'Ethan', 'Flores', 27, 'Midfielder', 'Right', 29, 94),
(313, 'Alexander', 'Brown', 25, 'Goalkeeper', 'Left', 29, 18),
(314, 'Henry', 'Wilson', 23, 'Forward', 'Right', 29, 65),
(315, 'Daniel', 'Gonzalez', 27, 'Defender', 'Left', 29, 33),
(316, 'James', 'Lewis', 29, 'Midfielder', 'Right', 29, 88),
(317, 'Michael', 'Anderson', 25, 'Goalkeeper', 'Left', 29, 7),
(318, 'Benjamin', 'Perez', 28, 'Forward', 'Right', 29, 55),
(319, 'Elijah', 'White', 24, 'Defender', 'Left', 29, 29),
(320, 'William', 'Taylor', 26, 'Midfielder', 'Right', 30, 72),
(321, 'Logan', 'Martinez', 30, 'Goalkeeper', 'Left', 30, 41),
(322, 'Samuel', 'Robinson', 23, 'Forward', 'Right', 30, 90),
(323, 'Ethan', 'Harris', 27, 'Defender', 'Left', 30, 3),
(324, 'Oliver', 'Davis', 29, 'Midfielder', 'Right', 30, 82),
(325, 'Matthew', 'Lee', 25, 'Goalkeeper', 'Left', 30, 37),
(326, 'Alexander', 'Wilson', 28, 'Forward', 'Right', 30, 70),
(327, 'James', 'Smith', 24, 'Defender', 'Left', 30, 9),
(328, 'Michael', 'Thompson', 26, 'Midfielder', 'Right', 30, 64),
(329, 'Elijah', 'King', 30, 'Goalkeeper', 'Left', 30, 25),
(330, 'William', 'Hernandez', 23, 'Forward', 'Right', 30, 83),
(331, 'Oliver', 'Rodriguez', 27, 'Defender', 'Left', 31, 56),
(332, 'Ethan', 'Adams', 29, 'Midfielder', 'Right', 31, 21),
(333, 'Benjamin', 'Campbell', 25, 'Goalkeeper', 'Left', 31, 74),
(334, 'Lucas', 'Jackson', 28, 'Forward', 'Right', 31, 48),
(335, 'Samuel', 'Martinez', 24, 'Defender', 'Left', 31, 1),
(336, 'Daniel', 'Walker', 26, 'Midfielder', 'Right', 31, 46),
(337, 'James', 'Moore', 30, 'Goalkeeper', 'Left', 31, 17),
(338, 'Michael', 'Hill', 23, 'Forward', 'Right', 31, 77),
(339, 'Benjamin', 'Barnes', 27, 'Defender', 'Left', 31, 43),
(340, 'Elijah', 'Young', 29, 'Midfielder', 'Right', 31, 96),
(341, 'William', 'Brooks', 25, 'Goalkeeper', 'Left', 31, 68),
(342, 'Oliver', 'Garcia', 28, 'Forward', 'Right', 32, 15),
(343, 'Ethan', 'Cooper', 23, 'Defender', 'Left', 32, 72),
(344, 'Benjamin', 'Ramirez', 27, 'Midfielder', 'Right', 32, 46),
(345, 'Lucas', 'Stewart', 30, 'Goalkeeper', 'Left', 32, 3),
(346, 'Samuel', 'Collins', 23, 'Forward', 'Right', 32, 77),
(347, 'Daniel', 'Bailey', 27, 'Defender', 'Left', 32, 43),
(348, 'James', 'Richardson', 29, 'Midfielder', 'Right', 32, 96),
(349, 'Michael', 'Nguyen', 25, 'Goalkeeper', 'Left', 32, 68),
(350, 'Elijah', 'Carter', 28, 'Forward', 'Right', 32, 15),
(351, 'William', 'Cook', 24, 'Defender', 'Left', 32, 72),
(352, 'Oliver', 'Bell', 26, 'Midfielder', 'Right', 32, 46),
(353, 'Ethan', 'Martinez', 30, 'Goalkeeper', 'Left', 33, 17),
(354, 'Benjamin', 'Foster', 23, 'Forward', 'Right', 33, 77),
(355, 'Lucas', 'Griffin', 27, 'Defender', 'Left', 33, 43),
(356, 'Samuel', 'Perez', 29, 'Midfielder', 'Right', 33, 96),
(357, 'Daniel', 'Cooper', 25, 'Goalkeeper', 'Left', 33, 68),
(358, 'James', 'Walker', 28, 'Forward', 'Right', 33, 15),
(359, 'Michael', 'Hayes', 24, 'Defender', 'Left', 33, 72),
(360, 'Elijah', 'Simmons', 26, 'Midfielder', 'Right', 33, 46),
(361, 'William', 'Peterson', 30, 'Goalkeeper', 'Left', 33, 3),
(362, 'Noah', 'Walker', 24, 'Forward', 'Right', 33, 76),
(363, 'Elijah', 'Bennett', 28, 'Defender', 'Left', 33, 49),
(364, 'William', 'Collins', 30, 'Midfielder', 'Right', 34, 22),
(365, 'Benjamin', 'Turner', 26, 'Goalkeeper', 'Left', 34, 11),
(366, 'Lucas', 'Morgan', 23, 'Forward', 'Right', 34, 36),
(367, 'Samuel', 'Richardson', 29, 'Defender', 'Left', 34, 81),
(368, 'Ethan', 'Kelly', 27, 'Midfielder', 'Right', 34, 94),
(369, 'Alexander', 'Parker', 25, 'Goalkeeper', 'Left', 34, 18),
(370, 'Henry', 'Cook', 23, 'Forward', 'Right', 34, 65),
(371, 'Daniel', 'Brooks', 27, 'Defender', 'Left', 34, 33),
(372, 'James', 'Hayes', 29, 'Midfielder', 'Right', 34, 88),
(373, 'Michael', 'Hughes', 25, 'Goalkeeper', 'Left', 34, 7),
(374, 'Benjamin', 'Price', 28, 'Forward', 'Right', 34, 55),
(375, 'Elijah', 'Barnes', 24, 'Defender', 'Left', 35, 29),
(376, 'William', 'Cox', 26, 'Midfielder', 'Right', 35, 72),
(377, 'Logan', 'Howard', 30, 'Goalkeeper', 'Left', 35, 41),
(378, 'Samuel', 'King', 23, 'Forward', 'Right', 35, 90),
(379, 'Ethan', 'Murphy', 27, 'Defender', 'Left', 35, 3),
(380, 'Oliver', 'Scott', 29, 'Midfielder', 'Right', 35, 82),
(381, 'Matthew', 'Patel', 25, 'Goalkeeper', 'Left', 35, 37),
(382, 'Alexander', 'Perez', 28, 'Forward', 'Right', 35, 70),
(383, 'James', 'Bailey', 24, 'Defender', 'Left', 35, 9),
(384, 'Michael', 'Foster', 26, 'Midfielder', 'Right', 35, 64),
(385, 'Elijah', 'Reed', 30, 'Goalkeeper', 'Left', 35, 25),
(386, 'William', 'Ramirez', 23, 'Forward', 'Right', 36, 83),
(387, 'Oliver', 'Martinez', 27, 'Defender', 'Left', 36, 56),
(388, 'Ethan', 'Cooper', 29, 'Midfielder', 'Right', 36, 21),
(389, 'Benjamin', 'Griffin', 25, 'Goalkeeper', 'Left', 36, 74),
(390, 'Lucas', 'Ward', 28, 'Forward', 'Right', 36, 48),
(391, 'Samuel', 'Bell', 24, 'Defender', 'Left', 36, 1),
(392, 'Daniel', 'Nguyen', 26, 'Midfielder', 'Right', 36, 46),
(393, 'James', 'Cox', 30, 'Goalkeeper', 'Left', 36, 17),
(394, 'Michael', 'Fisher', 23, 'Forward', 'Right', 36, 77),
(395, 'Benjamin', 'Morgan', 27, 'Defender', 'Left', 36, 43),
(396, 'Elijah', 'Russell', 29, 'Midfielder', 'Right', 36, 96),
(397, 'William', 'Butler', 25, 'Goalkeeper', 'Left', 37, 68),
(398, 'Oliver', 'Martinez', 28, 'Forward', 'Right', 37, 15),
(399, 'Ethan', 'Powell', 23, 'Defender', 'Left', 37, 72),
(400, 'Benjamin', 'Brooks', 27, 'Midfielder', 'Right', 37, 46),
(401, 'Lucas', 'Carter', 30, 'Goalkeeper', 'Left', 37, 3),
(402, 'Samuel', 'Hayes', 23, 'Forward', 'Right', 37, 77),
(403, 'Daniel', 'Parker', 27, 'Defender', 'Left', 37, 43),
(404, 'James', 'Griffin', 29, 'Midfielder', 'Right', 37, 96),
(405, 'Michael', 'Bennett', 25, 'Goalkeeper', 'Left', 37, 68),
(406, 'Elijah', 'Cook', 28, 'Forward', 'Right', 37, 15),
(407, 'William', 'Davis', 24, 'Defender', 'Left', 37, 72),
(408, 'Oliver', 'Hayes', 26, 'Midfielder', 'Right', 38, 46),
(409, 'Ethan', 'Bell', 30, 'Goalkeeper', 'Left', 38, 17),
(410, 'Benjamin', 'Parker', 23, 'Forward', 'Right', 38, 77),
(411, 'Lucas', 'Edwards', 27, 'Defender', 'Left', 38, 43),
(412, 'Samuel', 'Young', 29, 'Midfielder', 'Right', 38, 96),
(413, 'Daniel', 'Richardson', 25, 'Goalkeeper', 'Left', 38, 68),
(414, 'James', 'Nguyen', 28, 'Forward', 'Right', 38, 15),
(415, 'Michael', 'Turner', 24, 'Defender', 'Left', 38, 72),
(416, 'Elijah', 'Parker', 26, 'Midfielder', 'Right', 38, 46),
(417, 'William', 'Carter', 30, 'Goalkeeper', 'Left', 38, 3),
(418, 'Noah', 'Thompson', 24, 'Forward', 'Right', 38, 76),
(419, 'Elijah', 'Stewart', 28, 'Defender', 'Left', 39, 49),
(420, 'William', 'Roberts', 30, 'Midfielder', 'Right', 39, 22),
(421, 'Benjamin', 'Murphy', 26, 'Goalkeeper', 'Left', 39, 11),
(422, 'Lucas', 'Turner', 23, 'Forward', 'Right', 39, 36),
(423, 'Samuel', 'Simmons', 29, 'Defender', 'Left', 39, 81),
(424, 'Ethan', 'Watson', 27, 'Midfielder', 'Right', 39, 94),
(425, 'Alexander', 'Gray', 25, 'Goalkeeper', 'Left', 39, 18),
(426, 'Henry', 'Russell', 23, 'Forward', 'Right', 39, 65),
(427, 'Daniel', 'Brooks', 27, 'Defender', 'Left', 39, 33),
(428, 'James', 'Hayes', 29, 'Midfielder', 'Right', 39, 88),
(429, 'Michael', 'Peterson', 25, 'Goalkeeper', 'Left', 39, 7),
(430, 'Benjamin', 'Butler', 28, 'Forward', 'Right', 40, 55),
(431, 'Elijah', 'Bennett', 24, 'Defender', 'Left', 40, 29),
(432, 'William', 'Cox', 26, 'Midfielder', 'Right', 40, 72),
(433, 'Logan', 'Richardson', 30, 'Goalkeeper', 'Left', 40, 41),
(434, 'Samuel', 'Morgan', 23, 'Forward', 'Right', 40, 90),
(435, 'Ethan', 'White', 27, 'Defender', 'Left', 40, 3),
(436, 'Oliver', 'Cooper', 29, 'Midfielder', 'Right', 40, 82),
(437, 'Matthew', 'Parker', 25, 'Goalkeeper', 'Left', 40, 37),
(438, 'Alexander', 'Kelly', 28, 'Forward', 'Right', 40, 70),
(439, 'James', 'Carter', 24, 'Defender', 'Left', 40, 9),
(440, 'Michael', 'Brooks', 26, 'Midfielder', 'Right', 40, 64),
(441, 'Elijah', 'Turner', 30, 'Goalkeeper', 'Left', 41, 25),
(442, 'William', 'Ramirez', 23, 'Forward', 'Right', 41, 83),
(443, 'Oliver', 'Wright', 27, 'Defender', 'Left', 41, 56),
(444, 'Ethan', 'Rodriguez', 29, 'Midfielder', 'Right', 41, 21),
(445, 'Benjamin', 'Price', 25, 'Goalkeeper', 'Left', 41, 74),
(446, 'Lucas', 'Bennett', 28, 'Forward', 'Right', 41, 48),
(447, 'Samuel', 'Cook', 24, 'Defender', 'Left', 41, 1),
(448, 'Daniel', 'Martinez', 26, 'Midfielder', 'Right', 41, 46),
(449, 'James', 'Scott', 30, 'Goalkeeper', 'Left', 41, 17),
(450, 'Michael', 'Morgan', 23, 'Forward', 'Right', 41, 77),
(451, 'Benjamin', 'Lewis', 27, 'Defender', 'Left', 41, 43),
(452, 'Elijah', 'Garcia', 29, 'Midfielder', 'Right', 42, 96),
(453, 'William', 'Johnson', 25, 'Goalkeeper', 'Left', 42, 68),
(454, 'Oliver', 'Harris', 28, 'Forward', 'Right', 42, 15),
(455, 'Ethan', 'Turner', 23, 'Defender', 'Left', 42, 72),
(456, 'Benjamin', 'Martinez', 27, 'Midfielder', 'Right', 42, 46),
(457, 'Lucas', 'Hayes', 30, 'Goalkeeper', 'Left', 42, 3),
(458, 'Samuel', 'Richardson', 23, 'Forward', 'Right', 42, 77),
(459, 'Daniel', 'Parker', 27, 'Defender', 'Left', 42, 43),
(460, 'James', 'Bennett', 29, 'Midfielder', 'Right', 42, 96),
(461, 'Michael', 'Foster', 25, 'Goalkeeper', 'Left', 42, 68),
(462, 'Elijah', 'Cooper', 28, 'Forward', 'Right', 42, 15),
(463, 'William', 'Turner', 24, 'Defender', 'Left', 43, 72),
(464, 'Oliver', 'Hayes', 26, 'Midfielder', 'Right', 43, 46),
(465, 'Ethan', 'Carter', 30, 'Goalkeeper', 'Left', 43, 17),
(466, 'Benjamin', 'Russell', 23, 'Forward', 'Right', 43, 77),
(467, 'Lucas', 'Bennett', 27, 'Defender', 'Left', 43, 43),
(468, 'Samuel', 'White', 29, 'Midfielder', 'Right', 43, 96),
(469, 'Daniel', 'Turner', 25, 'Goalkeeper', 'Left', 43, 68),
(470, 'James', 'Rodriguez', 28, 'Forward', 'Right', 43, 15),
(471, 'Michael', 'Stewart', 24, 'Defender', 'Left', 43, 72),
(472, 'Elijah', 'Hayes', 26, 'Midfielder', 'Right', 43, 46),
(473, 'William', 'Cooper', 30, 'Goalkeeper', 'Left', 43, 3),
(474, 'Noah', 'Mitchell', 24, 'Forward', 'Right', 44, 76),
(475, 'Elijah', 'Cooper', 28, 'Defender', 'Left', 44, 49),
(476, 'William', 'Foster', 30, 'Midfielder', 'Right', 44, 22),
(477, 'Benjamin', 'Hayes', 26, 'Goalkeeper', 'Left', 44, 11),
(478, 'Lucas', 'Richardson', 23, 'Forward', 'Right', 44, 36),
(479, 'Samuel', 'Griffin', 29, 'Defender', 'Left', 44, 81),
(480, 'Ethan', 'Parker', 27, 'Midfielder', 'Right', 44, 94),
(481, 'Alexander', 'Scott', 25, 'Goalkeeper', 'Left', 44, 18),
(482, 'Henry', 'Kelly', 23, 'Forward', 'Right', 44, 65),
(483, 'Daniel', 'Barnes', 27, 'Defender', 'Left', 44, 33),
(484, 'James', 'Martinez', 29, 'Midfielder', 'Right', 44, 88);
SELECT * FROM Player

-- 'Manager'
DROP TABLE Manager
	-- Table
CREATE TABLE Manager (
    id SERIAL PRIMARY KEY,
    first_name VARCHAR(30) NOT NULL,
    last_name VARCHAR(30) NOT NULL,
    age INT NOT NULL,
    salary INT NOT NULL,
	team_id INT,
	nationality_id INT,
    FOREIGN KEY (team_id) REFERENCES Team(id),
    FOREIGN KEY (nationality_id) REFERENCES Nationality(id)
);
	-- Insert
INSERT INTO Manager (id, first_name, last_name, age, salary, team_id, nationality_id) VALUES
(1, 'Mikel', 'Arteta', 42, 8300000, 1, 30),
(2, 'Unai', 'Emery', 52, 7000000, 2, 30),
(3, 'Andoni', 'Iraola', 41, 1000000, 3, 30),
(4, 'Thomas', 'Frank', 50, 4500000, 4, 1),
(5, 'Roberto', 'De Zerbi', 44, 1500000, 5, 23),
(6, 'Mauricio', 'Pochettino', 52, 10400000, 6, 32),
(7, 'Roy', 'Hodgson', 76, 4500000, 7, 21),
(8, 'Sean', 'Dyche', 52, 5000000, 8, 21),
(9, 'Marco', 'Silva', 46, 4000000, 9, 87),
(10, 'Daniel', 'Farke', 47, 5000000, 10, 19),
(11, 'Enzo', 'Maresca', 44, 500000, 11, 23),
(12, 'Jurgen', 'Klopp', 56, 15000000, 12, 19),
(13, 'Pep', 'Guardiola', 53, 20000000, 13, 30),
(14, 'Erik', 'Hag', 54, 9000000, 14, 69),
(15, 'Eddie', 'Howe', 46, 4000000, 15, 21),
(16, 'Nuno', 'Santo', 50, 2000000, 16, 87),
(17, 'Russell', 'Martin', 38, 400000, 17, 21),
(18, 'Ange', 'Postecoglou', 58, 5000000, 18, 85),
(19, 'David', 'Moyes', 60, 4000000, 19, 21),
(20, 'Gary', 'O''Neil', 40, 1500000, 20, 21),
(21, 'Tom', 'Mowbray', 60, 2000000, 21, 21),
(22, 'John', 'Eustace', 44, 500000, 22, 21),
(23, 'Neil', 'Critchley', 45, 1200000, 23, 21),
(24, 'Liam', 'Manning', 38, 1200000, 24, 21),
(25, 'Vincent', 'Kompany', 38, 100000, 25, 1),
(26, 'Erol', 'Bulut', 49, 400000, 26, 17),
(27, 'Mark', 'Robins', 54, 250000, 27, 21),
(28, 'Andre', 'Breitenreiter', 50, 2500000, 28, 19),
(29, 'Liam', 'Rosenior', 39, 400000, 29, 21),
(30, 'Rob', 'Edwards', 41, 2000000, 30, 21),
(31, 'Michael', 'Carrick', 42, 310000, 31, 21),
(32, 'Neil', 'Harris', 46, 230000, 32, 21),
(33, 'David', 'Wagner', 52, 700000, 33, 19),
(34, 'Ryan', 'Lowe', 45, 250000, 34, 21),
(35, 'Marti', 'Cifuentes', 41, 107000, 35, 30),
(36, 'Ruben', 'Selles', 40, 117000, 36, 30),
(37, 'Leam', 'Richardson', 44, 174000, 37, 21),
(38, 'Chris', 'Wilder', 56, 2700000, 38, 21),
(39, 'Steven', 'Schumacher', 39, 380000, 39, 21),
(40, 'Mike', 'Dodds', 37, 180000, 40, 21),
(41, 'Luke', 'Williams', 42, 227000, 41, 21),
(42, 'Tom', 'Cleverly', 34, 260000, 42, 21),
(43, 'Carlos', 'Corberan', 41, 400000, 43, 30),
(44, 'Shaun', 'Maloney', 41, 157000, 44, 21);
SELECT * FROM Manager

-- 'Match'
	-- Table
CREATE TABLE Match (
    id SERIAL PRIMARY KEY,
    home_score INT NOT NULL,
    away_score INT NOT NULL,
	referee_id INT,
	home_team_id INT,
	away_team_id INT,
    FOREIGN KEY (referee_id) REFERENCES Referee(id),
    FOREIGN KEY (home_team_id) REFERENCES Team(id),
    FOREIGN KEY (away_team_id) REFERENCES Team(id)
);
	-- Insert
INSERT INTO Match (id, home_team_id, away_team_id, home_score, away_score, referee_id) VALUES
(1, 1, 20, 3, 0, 1),
(2, 2, 19, 4, 0, 2),
(3, 3, 18, 2, 2, 3),
(4, 4, 17, 4, 4, 4),
(5, 5, 16, 4, 3, 5),
(6, 6, 15, 1, 5, 6),
(7, 7, 14, 2, 7, 7),
(8, 8, 13, 2, 1, 8),
(9, 9, 12, 2, 3, 9),
(10, 10, 11, 4, 5, 10),
(11, 1, 19, 3, 1, 11),
(12, 20, 18, 2, 4, 12),
(13, 2, 17, 5, 1, 13),
(14, 3, 16, 4, 5, 14),
(15, 4, 15, 1, 2, 15),
(16, 5, 14, 3, 2, 16),
(17, 6, 13, 5, 2, 17),
(18, 7, 12, 5, 5, 18),
(19, 8, 11, 1, 2, 19),
(20, 9, 10, 3, 3, 20),
(21, 1, 18, 4, 4, 21),
(22, 19, 17, 0, 1, 22),
(23, 20, 16, 3, 1, 23),
(24, 2, 15, 1, 5, 24),
(25, 3, 14, 5, 2, 1),
(26, 4, 13, 4, 2, 2),
(27, 5, 12, 3, 0, 3),
(28, 6, 11, 0, 4, 4),
(29, 7, 10, 0, 3, 5),
(30, 8, 9, 2, 1, 6),
(31, 1, 17, 2, 0, 7),
(32, 18, 16, 1, 0, 8),
(33, 19, 15, 3, 5, 9),
(34, 20, 14, 3, 1, 10),
(35, 2, 13, 5, 5, 11),
(36, 3, 12, 5, 3, 12),
(37, 4, 11, 5, 0, 13),
(38, 5, 10, 2, 0, 14),
(39, 6, 9, 3, 4, 15),
(40, 7, 8, 3, 3, 16),
(41, 1, 16, 0, 0, 17),
(42, 17, 15, 2, 3, 18),
(43, 18, 14, 4, 1, 19),
(44, 19, 13, 2, 2, 20),
(45, 20, 12, 4, 0, 21),
(46, 2, 11, 0, 4, 22),
(47, 3, 10, 1, 1, 23),
(48, 4, 9, 3, 3, 24),
(49, 5, 8, 0, 5, 1),
(50, 6, 7, 3, 1, 2),
(51, 1, 15, 5, 0, 3),
(52, 16, 14, 1, 3, 4),
(53, 17, 13, 1, 2, 5),
(54, 18, 12, 0, 1, 6),
(55, 19, 11, 1, 0, 7),
(56, 20, 10, 4, 4, 8),
(57, 2, 9, 1, 5, 9),
(58, 3, 8, 3, 3, 10),
(59, 4, 7, 3, 1, 11),
(60, 5, 6, 3, 1, 12),
(61, 1, 14, 3, 2, 13),
(62, 15, 13, 4, 2, 14),
(63, 16, 12, 2, 4, 15),
(64, 17, 11, 5, 5, 16),
(65, 18, 10, 0, 4, 17),
(66, 19, 9, 3, 0, 18),
(67, 20, 8, 1, 0, 19),
(68, 2, 7, 3, 4, 20),
(69, 3, 6, 1, 5, 21),
(70, 4, 5, 5, 4, 22),
(71, 1, 13, 5, 5, 23),
(72, 14, 12, 5, 5, 24),
(73, 15, 11, 1, 3, 1),
(74, 16, 10, 3, 5, 2),
(75, 17, 9, 5, 2, 3),
(76, 18, 8, 4, 5, 4),
(77, 19, 7, 1, 5, 5),
(78, 20, 6, 1, 5, 6),
(79, 2, 5, 3, 0, 7),
(80, 3, 4, 1, 2, 8),
(81, 1, 12, 1, 2, 9),
(82, 13, 11, 5, 4, 10),
(83, 14, 10, 3, 3, 11),
(84, 15, 9, 5, 5, 12),
(85, 16, 8, 5, 1, 13),
(86, 17, 7, 3, 3, 14),
(87, 18, 6, 0, 3, 15),
(88, 19, 5, 5, 2, 16),
(89, 20, 4, 4, 3, 17),
(90, 2, 3, 4, 5, 18),
(91, 1, 11, 1, 5, 19),
(92, 12, 10, 4, 0, 20),
(93, 13, 9, 1, 5, 21),
(94, 14, 8, 0, 5, 22),
(95, 15, 7, 3, 2, 23),
(96, 16, 6, 3, 5, 24),
(97, 17, 5, 3, 0, 1),
(98, 18, 4, 4, 1, 2),
(99, 19, 3, 0, 2, 3),
(100, 20, 2, 4, 1, 4),
(101, 1, 10, 4, 2, 5),
(102, 11, 9, 0, 4, 6),
(103, 12, 8, 0, 3, 7),
(104, 13, 7, 0, 4, 8),
(105, 14, 6, 0, 5, 9),
(106, 15, 5, 3, 1, 10),
(107, 16, 4, 2, 5, 11),
(108, 17, 3, 2, 3, 12),
(109, 18, 2, 0, 2, 13),
(110, 19, 20, 2, 3, 14),
(111, 1, 9, 2, 0, 15),
(112, 10, 8, 0, 3, 16),
(113, 11, 7, 2, 0, 17),
(114, 12, 6, 4, 3, 18),
(115, 13, 5, 1, 0, 19),
(116, 14, 4, 1, 1, 20),
(117, 15, 3, 0, 5, 21),
(118, 16, 2, 3, 5, 22),
(119, 17, 20, 0, 4, 23),
(120, 18, 19, 3, 5, 24),
(121, 1, 8, 1, 2, 1),
(122, 9, 7, 0, 3, 2),
(123, 10, 6, 5, 4, 3),
(124, 11, 5, 4, 2, 4),
(125, 12, 4, 2, 2, 5),
(126, 13, 3, 3, 0, 6),
(127, 14, 2, 5, 5, 7),
(128, 15, 20, 2, 1, 8),
(129, 16, 19, 2, 1, 9),
(130, 17, 18, 0, 4, 10),
(131, 1, 7, 2, 1, 11),
(132, 8, 6, 4, 3, 12),
(133, 9, 5, 5, 1, 13),
(134, 10, 4, 2, 4, 14),
(135, 11, 3, 0, 1, 15),
(136, 12, 2, 4, 3, 16),
(137, 13, 20, 1, 0, 17),
(138, 14, 19, 5, 4, 18),
(139, 15, 18, 2, 0, 19),
(140, 16, 17, 0, 0, 20),
(141, 1, 6, 1, 0, 21),
(142, 7, 5, 1, 2, 22),
(143, 8, 4, 3, 5, 23),
(144, 9, 3, 4, 2, 24),
(145, 10, 2, 2, 5, 1),
(146, 11, 20, 0, 0, 2),
(147, 12, 19, 3, 4, 3),
(148, 13, 18, 4, 5, 4),
(149, 14, 17, 3, 3, 5),
(150, 15, 16, 5, 3, 6),
(151, 1, 5, 4, 1, 7),
(152, 6, 4, 4, 5, 8),
(153, 7, 3, 2, 4, 9),
(154, 8, 2, 4, 2, 10),
(155, 9, 20, 3, 0, 11),
(156, 10, 19, 4, 1, 12),
(157, 11, 18, 2, 3, 13),
(158, 12, 17, 2, 2, 14),
(159, 13, 16, 5, 2, 15),
(160, 14, 15, 3, 0, 16),
(161, 1, 4, 1, 5, 17),
(162, 5, 3, 1, 3, 18),
(163, 6, 2, 4, 4, 19),
(164, 7, 20, 5, 2, 20),
(165, 8, 19, 0, 0, 21),
(166, 9, 18, 4, 4, 22),
(167, 10, 17, 5, 5, 23),
(168, 11, 16, 3, 3, 24),
(169, 12, 15, 3, 5, 1),
(170, 13, 14, 3, 2, 2),
(171, 1, 3, 3, 4, 3),
(172, 4, 2, 3, 4, 4),
(173, 5, 20, 5, 4, 5),
(174, 6, 19, 5, 2, 6),
(175, 7, 18, 2, 2, 7),
(176, 8, 17, 1, 5, 8),
(177, 9, 16, 3, 1, 9),
(178, 10, 15, 0, 5, 10),
(179, 11, 14, 5, 3, 11),
(180, 12, 13, 0, 0, 12),
(181, 1, 2, 0, 4, 13),
(182, 3, 20, 0, 1, 14),
(183, 4, 19, 2, 0, 15),
(184, 5, 18, 5, 1, 16),
(185, 6, 17, 0, 5, 17),
(186, 7, 16, 3, 2, 18),
(187, 8, 15, 4, 4, 19),
(188, 9, 14, 0, 5, 20),
(189, 10, 13, 2, 0, 21),
(190, 11, 12, 5, 0, 22),
(191, 20, 1, 2, 0, 23),
(192, 19, 2, 0, 0, 24),
(193, 18, 3, 5, 0, 1),
(194, 17, 4, 4, 1, 2),
(195, 16, 5, 0, 5, 3),
(196, 15, 6, 2, 4, 4),
(197, 14, 7, 1, 2, 5),
(198, 13, 8, 3, 2, 6),
(199, 12, 9, 2, 5, 7),
(200, 11, 10, 5, 5, 8),
(201, 19, 1, 0, 2, 9),
(202, 18, 20, 3, 2, 10),
(203, 17, 2, 0, 1, 11),
(204, 16, 3, 5, 3, 12),
(205, 15, 4, 0, 4, 13),
(206, 14, 5, 1, 0, 14),
(207, 13, 6, 3, 3, 15),
(208, 12, 7, 3, 5, 16),
(209, 11, 8, 5, 2, 17),
(210, 10, 9, 1, 3, 18),
(211, 18, 1, 2, 4, 19),
(212, 17, 19, 0, 5, 20),
(213, 16, 20, 4, 0, 21),
(214, 15, 2, 0, 0, 22),
(215, 14, 3, 0, 4, 23),
(216, 13, 4, 2, 4, 24),
(217, 12, 5, 0, 2, 1),
(218, 11, 6, 1, 0, 2),
(219, 10, 7, 1, 5, 3),
(220, 9, 8, 3, 3, 4),
(221, 17, 1, 5, 5, 5),
(222, 16, 18, 4, 1, 6),
(223, 15, 19, 0, 1, 7),
(224, 14, 20, 0, 4, 8),
(225, 13, 2, 2, 2, 9),
(226, 12, 3, 5, 1, 10),
(227, 11, 4, 1, 0, 11),
(228, 10, 5, 4, 5, 12),
(229, 9, 6, 3, 5, 13),
(230, 8, 7, 1, 4, 14),
(231, 16, 1, 5, 3, 15),
(232, 15, 17, 3, 4, 16),
(233, 14, 18, 2, 3, 17),
(234, 13, 19, 2, 4, 18),
(235, 12, 20, 0, 4, 19),
(236, 11, 2, 5, 4, 20),
(237, 10, 3, 4, 3, 21),
(238, 9, 4, 3, 3, 22),
(239, 8, 5, 1, 4, 23),
(240, 7, 6, 5, 1, 24),
(241, 15, 1, 5, 2, 1),
(242, 14, 16, 2, 2, 2),
(243, 13, 17, 0, 2, 3),
(244, 12, 18, 0, 3, 4),
(245, 11, 19, 3, 3, 5),
(246, 10, 20, 2, 1, 6),
(247, 9, 2, 5, 2, 7),
(248, 8, 3, 4, 2, 8),
(249, 7, 4, 2, 4, 9),
(250, 6, 5, 3, 3, 10),
(251, 14, 1, 3, 2, 11),
(252, 13, 15, 2, 5, 12),
(253, 12, 16, 3, 1, 13),
(254, 11, 17, 2, 5, 14),
(255, 10, 18, 1, 5, 15),
(256, 9, 19, 2, 1, 16),
(257, 8, 20, 2, 5, 17),
(258, 7, 2, 3, 2, 18),
(259, 6, 3, 3, 3, 19),
(260, 5, 4, 0, 1, 20),
(261, 13, 1, 0, 4, 21),
(262, 12, 14, 1, 5, 22),
(263, 11, 15, 0, 1, 23),
(264, 10, 16, 2, 0, 24),
(265, 9, 17, 3, 0, 1),
(266, 8, 18, 0, 3, 2),
(267, 7, 19, 0, 2, 3),
(268, 6, 20, 1, 3, 4),
(269, 5, 2, 5, 3, 5),
(270, 4, 3, 1, 3, 6),
(271, 12, 1, 2, 3, 7),
(272, 11, 13, 3, 4, 8),
(273, 10, 14, 1, 4, 9),
(274, 9, 15, 0, 1, 10),
(275, 8, 16, 3, 0, 11),
(276, 7, 17, 3, 3, 12),
(277, 6, 18, 0, 1, 13),
(278, 5, 19, 1, 0, 14),
(279, 4, 20, 0, 5, 15),
(280, 3, 2, 5, 2, 16),
(281, 11, 1, 3, 4, 17),
(282, 10, 12, 4, 5, 18),
(283, 9, 13, 4, 0, 19),
(284, 8, 14, 2, 5, 20),
(285, 7, 15, 0, 2, 21),
(286, 6, 16, 0, 0, 22),
(287, 5, 17, 2, 5, 23),
(288, 4, 18, 2, 4, 24),
(289, 3, 19, 2, 4, 1),
(290, 2, 20, 3, 1, 2),
(291, 10, 1, 5, 5, 3),
(292, 9, 11, 0, 3, 4),
(293, 8, 12, 3, 5, 5),
(294, 7, 13, 2, 0, 6),
(295, 6, 14, 0, 0, 7),
(296, 5, 15, 3, 5, 8),
(297, 4, 16, 5, 2, 9),
(298, 3, 17, 3, 4, 10),
(299, 2, 18, 5, 0, 11),
(300, 20, 19, 2, 4, 12),
(301, 9, 1, 5, 0, 13),
(302, 8, 10, 0, 1, 14),
(303, 7, 11, 2, 3, 15),
(304, 6, 12, 0, 0, 16),
(305, 5, 13, 4, 4, 17),
(306, 4, 14, 1, 1, 18),
(307, 3, 15, 5, 0, 19),
(308, 2, 16, 1, 2, 20),
(309, 20, 17, 1, 3, 21),
(310, 19, 18, 5, 0, 22),
(311, 8, 1, 2, 1, 23),
(312, 7, 9, 4, 2, 24),
(313, 6, 10, 0, 5, 1),
(314, 5, 11, 3, 1, 2),
(315, 4, 12, 0, 1, 3),
(316, 3, 13, 3, 2, 4),
(317, 2, 14, 0, 1, 5),
(318, 20, 15, 5, 2, 6),
(319, 19, 16, 4, 0, 7),
(320, 18, 17, 3, 2, 8),
(321, 7, 1, 2, 2, 9),
(322, 6, 8, 0, 3, 10),
(323, 5, 9, 0, 2, 11),
(324, 4, 10, 3, 2, 12),
(325, 3, 11, 2, 5, 13),
(326, 2, 12, 2, 0, 14),
(327, 20, 13, 5, 3, 15),
(328, 19, 14, 5, 5, 16),
(329, 18, 15, 5, 4, 17),
(330, 17, 16, 5, 0, 18),
(331, 6, 1, 5, 0, 19),
(332, 5, 7, 5, 4, 20),
(333, 4, 8, 4, 2, 21),
(334, 3, 9, 2, 5, 22),
(335, 2, 10, 5, 1, 23),
(336, 20, 11, 2, 3, 24),
(337, 19, 12, 2, 1, 1),
(338, 18, 13, 1, 4, 2),
(339, 17, 14, 4, 0, 3),
(340, 16, 15, 5, 0, 4),
(341, 5, 1, 0, 3, 5),
(342, 4, 6, 3, 0, 6),
(343, 3, 7, 0, 0, 7),
(344, 2, 8, 4, 3, 8),
(345, 20, 9, 3, 5, 9),
(346, 19, 10, 4, 5, 10),
(347, 18, 11, 2, 3, 11),
(348, 17, 12, 3, 4, 12),
(349, 16, 13, 2, 0, 13),
(350, 15, 14, 0, 0, 14),
(351, 4, 1, 0, 4, 15),
(352, 3, 5, 3, 5, 16),
(353, 2, 6, 3, 2, 17),
(354, 20, 7, 5, 2, 18),
(355, 19, 8, 4, 2, 19),
(356, 18, 9, 5, 5, 20),
(357, 17, 10, 4, 5, 21),
(358, 16, 11, 5, 4, 22),
(359, 15, 12, 2, 0, 23),
(360, 14, 13, 3, 4, 24),
(361, 3, 1, 0, 4, 1),
(362, 2, 4, 4, 5, 2),
(363, 20, 5, 4, 2, 3),
(364, 19, 6, 0, 1, 4),
(365, 18, 7, 5, 0, 5),
(366, 17, 8, 4, 5, 6),
(367, 16, 9, 2, 2, 7),
(368, 15, 10, 3, 1, 8),
(369, 14, 11, 0, 1, 9),
(370, 13, 12, 3, 5, 10),
(371, 2, 1, 4, 3, 11),
(372, 20, 3, 4, 0, 12),
(373, 19, 4, 0, 1, 13),
(374, 18, 5, 2, 5, 14),
(375, 17, 6, 1, 5, 15),
(376, 16, 7, 0, 2, 16),
(377, 15, 8, 1, 3, 17),
(378, 14, 9, 5, 0, 18),
(379, 13, 10, 1, 4, 19),
(380, 12, 11, 2, 2, 20),
(381, 21, 44, 5, 1, 21),
(382, 22, 43, 1, 1, 22),
(383, 23, 42, 5, 2, 23),
(384, 24, 41, 1, 5, 24),
(385, 25, 40, 2, 1, 1),
(386, 26, 39, 1, 3, 2),
(387, 27, 38, 1, 0, 3),
(388, 28, 37, 1, 3, 4),
(389, 29, 36, 0, 1, 5),
(390, 30, 35, 0, 4, 6),
(391, 31, 34, 0, 0, 7),
(392, 32, 33, 2, 0, 8),
(393, 21, 43, 5, 2, 9),
(394, 44, 42, 4, 2, 10),
(395, 22, 41, 1, 4, 11),
(396, 23, 40, 1, 5, 12),
(397, 24, 39, 2, 0, 13),
(398, 25, 38, 1, 4, 14),
(399, 26, 37, 0, 2, 15),
(400, 27, 36, 4, 2, 16),
(401, 28, 35, 3, 0, 17),
(402, 29, 34, 1, 3, 18),
(403, 30, 33, 0, 1, 19),
(404, 31, 32, 3, 2, 20),
(405, 21, 42, 4, 5, 21),
(406, 43, 41, 3, 5, 22),
(407, 44, 40, 0, 2, 23),
(408, 22, 39, 5, 3, 24),
(409, 23, 38, 5, 3, 1),
(410, 24, 37, 3, 4, 2),
(411, 25, 36, 2, 5, 3),
(412, 26, 35, 3, 4, 4),
(413, 27, 34, 1, 5, 5),
(414, 28, 33, 1, 1, 6),
(415, 29, 32, 5, 1, 7),
(416, 30, 31, 2, 0, 8),
(417, 21, 41, 0, 4, 9),
(418, 42, 40, 1, 2, 10),
(419, 43, 39, 5, 4, 11),
(420, 44, 38, 4, 2, 12),
(421, 22, 37, 5, 3, 13),
(422, 23, 36, 1, 4, 14),
(423, 24, 35, 1, 3, 15),
(424, 25, 34, 5, 1, 16),
(425, 26, 33, 0, 1, 17),
(426, 27, 32, 3, 0, 18),
(427, 28, 31, 1, 4, 19),
(428, 29, 30, 5, 3, 20),
(429, 21, 40, 5, 2, 21),
(430, 41, 39, 2, 1, 22),
(431, 42, 38, 3, 1, 23),
(432, 43, 37, 4, 2, 24),
(433, 44, 36, 0, 3, 1),
(434, 22, 35, 4, 3, 2),
(435, 23, 34, 3, 4, 3),
(436, 24, 33, 3, 4, 4),
(437, 25, 32, 3, 5, 5),
(438, 26, 31, 4, 5, 6),
(439, 27, 30, 3, 0, 7),
(440, 28, 29, 5, 1, 8),
(441, 21, 39, 4, 4, 9),
(442, 40, 38, 3, 3, 10),
(443, 41, 37, 5, 2, 11),
(444, 42, 36, 2, 3, 12),
(445, 43, 35, 3, 1, 13),
(446, 44, 34, 4, 5, 14),
(447, 22, 33, 1, 3, 15),
(448, 23, 32, 3, 0, 16),
(449, 24, 31, 1, 1, 17),
(450, 25, 30, 5, 5, 18),
(451, 26, 29, 2, 2, 19),
(452, 27, 28, 0, 5, 20),
(453, 21, 38, 2, 0, 21),
(454, 39, 37, 3, 1, 22),
(455, 40, 36, 1, 2, 23),
(456, 41, 35, 1, 0, 24),
(457, 42, 34, 4, 5, 1),
(458, 43, 33, 1, 0, 2),
(459, 44, 32, 4, 1, 3),
(460, 22, 31, 5, 4, 4),
(461, 23, 30, 0, 0, 5),
(462, 24, 29, 3, 0, 6),
(463, 25, 28, 4, 5, 7),
(464, 26, 27, 0, 5, 8),
(465, 21, 37, 1, 2, 9),
(466, 38, 36, 1, 5, 10),
(467, 39, 35, 0, 3, 11),
(468, 40, 34, 1, 1, 12),
(469, 41, 33, 5, 1, 13),
(470, 42, 32, 5, 4, 14),
(471, 43, 31, 0, 4, 15),
(472, 44, 30, 4, 1, 16),
(473, 22, 29, 4, 4, 17),
(474, 23, 28, 0, 2, 18),
(475, 24, 27, 4, 5, 19),
(476, 25, 26, 4, 1, 20),
(477, 21, 36, 5, 4, 21),
(478, 37, 35, 4, 1, 22),
(479, 38, 34, 2, 3, 23),
(480, 39, 33, 3, 0, 24),
(481, 40, 32, 1, 5, 1),
(482, 41, 31, 2, 1, 2),
(483, 42, 30, 4, 0, 3),
(484, 43, 29, 5, 4, 4),
(485, 44, 28, 0, 0, 5),
(486, 22, 27, 4, 5, 6),
(487, 23, 26, 5, 1, 7),
(488, 24, 25, 3, 3, 8),
(489, 21, 35, 4, 4, 9),
(490, 36, 34, 0, 1, 10),
(491, 37, 33, 5, 5, 11),
(492, 38, 32, 5, 4, 12),
(493, 39, 31, 5, 2, 13),
(494, 40, 30, 3, 0, 14),
(495, 41, 29, 4, 5, 15),
(496, 42, 28, 3, 2, 16),
(497, 43, 27, 1, 1, 17),
(498, 44, 26, 1, 3, 18),
(499, 22, 25, 4, 4, 19),
(500, 23, 24, 3, 0, 20),
(501, 21, 34, 0, 4, 21),
(502, 35, 33, 5, 1, 22),
(503, 36, 32, 5, 4, 23),
(504, 37, 31, 4, 0, 24),
(505, 38, 30, 1, 1, 1),
(506, 39, 29, 1, 4, 2),
(507, 40, 28, 5, 3, 3),
(508, 41, 27, 4, 5, 4),
(509, 42, 26, 3, 1, 5),
(510, 43, 25, 1, 5, 6),
(511, 44, 24, 3, 1, 7),
(512, 22, 23, 1, 3, 8),
(513, 21, 33, 1, 5, 9),
(514, 34, 32, 2, 2, 10),
(515, 35, 31, 1, 0, 11),
(516, 36, 30, 0, 2, 12),
(517, 37, 29, 4, 4, 13),
(518, 38, 28, 4, 3, 14),
(519, 39, 27, 3, 2, 15),
(520, 40, 26, 1, 1, 16),
(521, 41, 25, 0, 4, 17),
(522, 42, 24, 3, 4, 18),
(523, 43, 23, 2, 2, 19),
(524, 44, 22, 3, 2, 20),
(525, 21, 32, 3, 3, 21),
(526, 33, 31, 1, 0, 22),
(527, 34, 30, 2, 2, 23),
(528, 35, 29, 3, 2, 24),
(529, 36, 28, 0, 5, 1),
(530, 37, 27, 0, 1, 2),
(531, 38, 26, 4, 5, 3),
(532, 39, 25, 2, 5, 4),
(533, 40, 24, 2, 4, 5),
(534, 41, 23, 4, 0, 6),
(535, 42, 22, 3, 1, 7),
(536, 43, 44, 2, 3, 8),
(537, 21, 31, 0, 3, 9),
(538, 32, 30, 0, 2, 10),
(539, 33, 29, 1, 2, 11),
(540, 34, 28, 2, 3, 12),
(541, 35, 27, 3, 2, 13),
(542, 36, 26, 4, 0, 14),
(543, 37, 25, 4, 5, 15),
(544, 38, 24, 3, 2, 16),
(545, 39, 23, 5, 4, 17),
(546, 40, 22, 1, 2, 18),
(547, 41, 44, 4, 1, 19),
(548, 42, 43, 2, 0, 20),
(549, 21, 30, 1, 1, 21),
(550, 31, 29, 2, 1, 22),
(551, 32, 28, 0, 4, 23),
(552, 33, 27, 1, 0, 24),
(553, 34, 26, 4, 0, 1),
(554, 35, 25, 1, 0, 2),
(555, 36, 24, 1, 0, 3),
(556, 37, 23, 1, 0, 4),
(557, 38, 22, 5, 4, 5),
(558, 39, 44, 1, 2, 6),
(559, 40, 43, 2, 1, 7),
(560, 41, 42, 0, 0, 8),
(561, 21, 29, 3, 2, 9),
(562, 30, 28, 1, 2, 10),
(563, 31, 27, 4, 1, 11),
(564, 32, 26, 1, 4, 12),
(565, 33, 25, 4, 3, 13),
(566, 34, 24, 2, 3, 14),
(567, 35, 23, 4, 2, 15),
(568, 36, 22, 3, 5, 16),
(569, 37, 44, 0, 5, 17),
(570, 38, 43, 4, 1, 18),
(571, 39, 42, 4, 3, 19),
(572, 40, 41, 0, 2, 20),
(573, 21, 28, 3, 4, 21),
(574, 29, 27, 1, 3, 22),
(575, 30, 26, 4, 2, 23),
(576, 31, 25, 0, 2, 24),
(577, 32, 24, 2, 0, 1),
(578, 33, 23, 0, 4, 2),
(579, 34, 22, 2, 0, 3),
(580, 35, 44, 3, 1, 4),
(581, 36, 43, 1, 0, 5),
(582, 37, 42, 0, 0, 6),
(583, 38, 41, 5, 3, 7),
(584, 39, 40, 4, 5, 8),
(585, 21, 27, 3, 2, 9),
(586, 28, 26, 0, 4, 10),
(587, 29, 25, 4, 0, 11),
(588, 30, 24, 0, 4, 12),
(589, 31, 23, 2, 5, 13),
(590, 32, 22, 0, 5, 14),
(591, 33, 44, 5, 0, 15),
(592, 34, 43, 0, 1, 16),
(593, 35, 42, 0, 0, 17),
(594, 36, 41, 5, 3, 18),
(595, 37, 40, 3, 2, 19),
(596, 38, 39, 0, 1, 20),
(597, 21, 26, 5, 0, 21),
(598, 27, 25, 4, 4, 22),
(599, 28, 24, 2, 1, 23),
(600, 29, 23, 2, 1, 24),
(601, 30, 22, 0, 0, 1),
(602, 31, 44, 3, 1, 2),
(603, 32, 43, 3, 4, 3),
(604, 33, 42, 4, 5, 4),
(605, 34, 41, 0, 1, 5),
(606, 35, 40, 2, 5, 6),
(607, 36, 39, 3, 4, 7),
(608, 37, 38, 0, 0, 8),
(609, 21, 25, 3, 2, 9),
(610, 26, 24, 5, 1, 10),
(611, 27, 23, 3, 2, 11),
(612, 28, 22, 2, 4, 12),
(613, 29, 44, 1, 1, 13),
(614, 30, 43, 4, 5, 14),
(615, 31, 42, 4, 3, 15),
(616, 32, 41, 2, 2, 16),
(617, 33, 40, 3, 1, 17),
(618, 34, 39, 0, 2, 18),
(619, 35, 38, 3, 1, 19),
(620, 36, 37, 2, 0, 20),
(621, 21, 24, 4, 5, 21),
(622, 25, 23, 3, 2, 22),
(623, 26, 22, 4, 3, 23),
(624, 27, 44, 0, 3, 24),
(625, 28, 43, 4, 4, 1),
(626, 29, 42, 4, 1, 2),
(627, 30, 41, 1, 2, 3),
(628, 31, 40, 1, 4, 4),
(629, 32, 39, 5, 2, 5),
(630, 33, 38, 1, 1, 6),
(631, 34, 37, 4, 3, 7),
(632, 35, 36, 2, 0, 8),
(633, 21, 23, 4, 3, 9),
(634, 24, 22, 2, 4, 10),
(635, 25, 44, 2, 5, 11),
(636, 26, 43, 1, 0, 12),
(637, 27, 42, 3, 4, 13),
(638, 28, 41, 0, 1, 14),
(639, 29, 40, 1, 0, 15),
(640, 30, 39, 1, 4, 16),
(641, 31, 38, 3, 1, 17),
(642, 32, 37, 0, 3, 18),
(643, 33, 36, 4, 5, 19),
(644, 34, 35, 5, 1, 20),
(645, 21, 22, 5, 2, 21),
(646, 23, 44, 4, 1, 22),
(647, 24, 43, 1, 1, 23),
(648, 25, 42, 0, 5, 24),
(649, 26, 41, 1, 2, 1),
(650, 27, 40, 2, 4, 2),
(651, 28, 39, 1, 4, 3),
(652, 29, 38, 1, 1, 4),
(653, 30, 37, 4, 2, 5),
(654, 31, 36, 4, 2, 6),
(655, 32, 35, 4, 5, 7),
(656, 33, 34, 5, 3, 8),
(657, 21, 44, 2, 4, 9),
(658, 22, 43, 4, 5, 10),
(659, 23, 42, 0, 0, 11),
(660, 24, 41, 5, 4, 12),
(661, 25, 40, 3, 5, 13),
(662, 26, 39, 0, 4, 14),
(663, 27, 38, 0, 3, 15),
(664, 28, 37, 4, 0, 16),
(665, 29, 36, 3, 3, 17),
(666, 30, 35, 3, 0, 18),
(667, 31, 34, 5, 1, 19),
(668, 32, 33, 3, 5, 20),
(669, 21, 43, 2, 0, 21),
(670, 44, 42, 4, 3, 22),
(671, 22, 41, 3, 4, 23),
(672, 23, 40, 5, 0, 24),
(673, 24, 39, 2, 5, 1),
(674, 25, 38, 1, 0, 2),
(675, 26, 37, 1, 2, 3),
(676, 27, 36, 2, 4, 4),
(677, 28, 35, 5, 5, 5),
(678, 29, 34, 2, 5, 6),
(679, 30, 33, 4, 1, 7),
(680, 31, 32, 4, 3, 8),
(681, 21, 42, 1, 1, 9),
(682, 43, 41, 3, 5, 10),
(683, 44, 40, 5, 4, 11),
(684, 22, 39, 1, 0, 12),
(685, 23, 38, 3, 0, 13),
(686, 24, 37, 3, 4, 14),
(687, 25, 36, 4, 5, 15),
(688, 26, 35, 0, 0, 16),
(689, 27, 34, 0, 0, 17),
(690, 28, 33, 2, 0, 18),
(691, 29, 32, 4, 3, 19),
(692, 30, 31, 3, 3, 20),
(693, 21, 41, 5, 2, 21),
(694, 42, 40, 0, 1, 22),
(695, 43, 39, 3, 4, 23),
(696, 44, 38, 0, 4, 24),
(697, 22, 37, 0, 4, 1),
(698, 23, 36, 0, 2, 2),
(699, 24, 35, 5, 3, 3),
(700, 25, 34, 4, 5, 4),
(701, 26, 33, 5, 5, 5),
(702, 27, 32, 1, 2, 6),
(703, 28, 31, 3, 5, 7),
(704, 29, 30, 4, 4, 8),
(705, 21, 40, 4, 1, 9),
(706, 41, 39, 4, 0, 10),
(707, 42, 38, 4, 3, 11),
(708, 43, 37, 5, 3, 12),
(709, 44, 36, 4, 2, 13),
(710, 22, 35, 2, 3, 14),
(711, 23, 34, 3, 4, 15),
(712, 24, 33, 4, 5, 16),
(713, 25, 32, 3, 4, 17),
(714, 26, 31, 2, 2, 18),
(715, 27, 30, 2, 4, 19),
(716, 28, 29, 3, 5, 20),
(717, 21, 39, 0, 1, 21),
(718, 40, 38, 1, 2, 22),
(719, 41, 37, 0, 1, 23),
(720, 42, 36, 0, 0, 24),
(721, 43, 35, 5, 1, 1),
(722, 44, 34, 0, 0, 2),
(723, 22, 33, 4, 0, 3),
(724, 23, 32, 5, 1, 4),
(725, 24, 31, 5, 2, 5),
(726, 25, 30, 2, 5, 6),
(727, 26, 29, 0, 4, 7),
(728, 27, 28, 2, 4, 8),
(729, 21, 38, 3, 5, 9),
(730, 39, 37, 1, 0, 10),
(731, 40, 36, 5, 0, 11),
(732, 41, 35, 3, 2, 12),
(733, 42, 34, 3, 3, 13),
(734, 43, 33, 4, 1, 14),
(735, 44, 32, 1, 0, 15),
(736, 22, 31, 3, 4, 16),
(737, 23, 30, 3, 2, 17),
(738, 24, 29, 1, 1, 18),
(739, 25, 28, 1, 2, 19),
(740, 26, 27, 3, 1, 20),
(741, 21, 37, 1, 1, 21),
(742, 38, 36, 3, 5, 22),
(743, 39, 35, 3, 0, 23),
(744, 40, 34, 4, 2, 24),
(745, 41, 33, 0, 2, 1),
(746, 42, 32, 3, 5, 2),
(747, 43, 31, 2, 4, 3),
(748, 44, 30, 5, 4, 4),
(749, 22, 29, 0, 0, 5),
(750, 23, 28, 0, 0, 6),
(751, 24, 27, 0, 3, 7),
(752, 25, 26, 4, 5, 8),
(753, 21, 36, 3, 4, 9),
(754, 37, 35, 4, 1, 10),
(755, 38, 34, 3, 2, 11),
(756, 39, 33, 4, 0, 12),
(757, 40, 32, 4, 2, 13),
(758, 41, 31, 5, 2, 14),
(759, 42, 30, 2, 3, 15),
(760, 43, 29, 4, 4, 16),
(761, 44, 28, 5, 0, 17),
(762, 22, 27, 1, 2, 18),
(763, 23, 26, 2, 0, 19),
(764, 24, 25, 4, 1, 20),
(765, 21, 35, 0, 3, 21),
(766, 36, 34, 1, 1, 22),
(767, 37, 33, 1, 0, 23),
(768, 38, 32, 5, 0, 24),
(769, 39, 31, 1, 4, 1),
(770, 40, 30, 2, 2, 2),
(771, 41, 29, 4, 2, 3),
(772, 42, 28, 4, 1, 4),
(773, 43, 27, 0, 3, 5),
(774, 44, 26, 5, 5, 6),
(775, 22, 25, 0, 2, 7),
(776, 23, 24, 1, 4, 8),
(777, 21, 34, 0, 1, 9),
(778, 35, 33, 2, 1, 10),
(779, 36, 32, 4, 5, 11),
(780, 37, 31, 1, 4, 12),
(781, 38, 30, 0, 3, 13),
(782, 39, 29, 5, 4, 14),
(783, 40, 28, 2, 3, 15),
(784, 41, 27, 2, 4, 16),
(785, 42, 26, 0, 4, 17),
(786, 43, 25, 4, 0, 18),
(787, 44, 24, 0, 1, 19),
(788, 22, 23, 1, 4, 20),
(789, 21, 33, 0, 5, 21),
(790, 34, 32, 2, 4, 22),
(791, 35, 31, 0, 2, 23),
(792, 36, 30, 4, 1, 24),
(793, 37, 29, 5, 2, 1),
(794, 38, 28, 3, 1, 2),
(795, 39, 27, 0, 2, 3),
(796, 40, 26, 4, 4, 4),
(797, 41, 25, 4, 4, 5),
(798, 42, 24, 5, 0, 6),
(799, 43, 23, 2, 5, 7),
(800, 44, 22, 4, 2, 8),
(801, 21, 32, 4, 3, 9),
(802, 33, 31, 4, 0, 10),
(803, 34, 30, 4, 2, 11),
(804, 35, 29, 1, 2, 12),
(805, 36, 28, 1, 0, 13),
(806, 37, 27, 2, 4, 14),
(807, 38, 26, 0, 2, 15),
(808, 39, 25, 4, 4, 16),
(809, 40, 24, 5, 0, 17),
(810, 41, 23, 0, 4, 18),
(811, 42, 22, 5, 1, 19),
(812, 43, 44, 0, 3, 20),
(813, 21, 31, 2, 2, 21),
(814, 32, 30, 4, 5, 22),
(815, 33, 29, 4, 3, 23),
(816, 34, 28, 3, 4, 24),
(817, 35, 27, 5, 2, 1),
(818, 36, 26, 0, 4, 2),
(819, 37, 25, 0, 1, 3),
(820, 38, 24, 1, 0, 4),
(821, 39, 23, 3, 2, 5),
(822, 40, 22, 1, 1, 6),
(823, 41, 44, 1, 1, 7),
(824, 42, 43, 1, 2, 8),
(825, 21, 30, 5, 4, 9),
(826, 31, 29, 5, 5, 10),
(827, 32, 28, 2, 1, 11),
(828, 33, 27, 2, 3, 12),
(829, 34, 26, 1, 1, 13),
(830, 35, 25, 3, 5, 14),
(831, 36, 24, 0, 4, 15),
(832, 37, 23, 5, 4, 16),
(833, 38, 22, 3, 3, 17),
(834, 39, 44, 4, 1, 18),
(835, 40, 43, 5, 4, 19),
(836, 41, 42, 5, 5, 20),
(837, 21, 29, 2, 2, 21),
(838, 30, 28, 0, 0, 22),
(839, 31, 27, 0, 0, 23),
(840, 32, 26, 4, 0, 24),
(841, 33, 25, 4, 1, 1),
(842, 34, 24, 5, 3, 2),
(843, 35, 23, 1, 4, 3),
(844, 36, 22, 2, 2, 4),
(845, 37, 44, 2, 5, 5),
(846, 38, 43, 5, 2, 6),
(847, 39, 42, 3, 5, 7),
(848, 40, 41, 1, 1, 8),
(849, 21, 28, 5, 0, 9),
(850, 29, 27, 1, 1, 10),
(851, 30, 26, 1, 3, 11),
(852, 31, 25, 1, 3, 12),
(853, 32, 24, 5, 5, 13),
(854, 33, 23, 2, 4, 14),
(855, 34, 22, 2, 4, 15),
(856, 35, 44, 1, 5, 16),
(857, 36, 43, 3, 3, 17),
(858, 37, 42, 0, 3, 18),
(859, 38, 41, 5, 3, 19),
(860, 39, 40, 0, 1, 20),
(861, 21, 27, 3, 3, 21),
(862, 28, 26, 5, 2, 22),
(863, 29, 25, 1, 0, 23),
(864, 30, 24, 2, 3, 24),
(865, 31, 23, 0, 5, 1),
(866, 32, 22, 4, 0, 2),
(867, 33, 44, 4, 1, 3),
(868, 34, 43, 3, 5, 4),
(869, 35, 42, 1, 0, 5),
(870, 36, 41, 0, 5, 6),
(871, 37, 40, 1, 1, 7),
(872, 38, 39, 0, 2, 8),
(873, 21, 26, 3, 1, 9),
(874, 27, 25, 3, 1, 10),
(875, 28, 24, 4, 5, 11),
(876, 29, 23, 1, 4, 12),
(877, 30, 22, 5, 3, 13),
(878, 31, 44, 4, 3, 14),
(879, 32, 43, 1, 2, 15),
(880, 33, 42, 4, 2, 16),
(881, 34, 41, 5, 3, 17),
(882, 35, 40, 2, 4, 18),
(883, 36, 39, 2, 3, 19),
(884, 37, 38, 2, 4, 20),
(885, 21, 25, 2, 2, 21),
(886, 26, 24, 0, 0, 22),
(887, 27, 23, 2, 5, 23),
(888, 28, 22, 5, 2, 24),
(889, 29, 44, 3, 2, 1),
(890, 30, 43, 3, 1, 2),
(891, 31, 42, 0, 1, 3),
(892, 32, 41, 2, 1, 4),
(893, 33, 40, 2, 5, 5),
(894, 34, 39, 2, 1, 6),
(895, 35, 38, 4, 4, 7),
(896, 36, 37, 1, 3, 8),
(897, 21, 24, 4, 0, 9),
(898, 25, 23, 1, 2, 10),
(899, 26, 22, 2, 4, 11),
(900, 27, 44, 2, 0, 12),
(901, 28, 43, 4, 4, 13),
(902, 29, 42, 4, 4, 14),
(903, 30, 41, 1, 2, 15),
(904, 31, 40, 3, 3, 16),
(905, 32, 39, 1, 1, 17),
(906, 33, 38, 4, 5, 18),
(907, 34, 37, 5, 3, 19),
(908, 35, 36, 4, 5, 20),
(909, 21, 23, 5, 2, 21),
(910, 24, 22, 0, 2, 22),
(911, 25, 44, 4, 2, 23),
(912, 26, 43, 0, 0, 24),
(913, 27, 42, 3, 5, 1),
(914, 28, 41, 1, 3, 2),
(915, 29, 40, 5, 3, 3),
(916, 30, 39, 1, 4, 4),
(917, 31, 38, 0, 4, 5),
(918, 32, 37, 5, 4, 6),
(919, 33, 36, 1, 2, 7),
(920, 34, 35, 4, 3, 8),
(921, 21, 22, 2, 5, 9),
(922, 23, 44, 0, 2, 10),
(923, 24, 43, 1, 0, 11),
(924, 25, 42, 0, 4, 12),
(925, 26, 41, 0, 2, 13),
(926, 27, 40, 5, 2, 14),
(927, 28, 39, 5, 0, 15),
(928, 29, 38, 2, 1, 16),
(929, 30, 37, 4, 3, 17),
(930, 31, 36, 0, 5, 18),
(931, 32, 35, 1, 1, 19),
(932, 33, 34, 3, 4, 20);
SELECT * FROM Match

-- 'Clean_Sheets'
DROP TABLE clean_sheets
	-- Table
CREATE TABLE Clean_Sheets (
    id SERIAL PRIMARY KEY,
    shots INT,
	saves INT,
	match_id INT,
	team_id INT,
	league_id INT,
    FOREIGN KEY (match_id) REFERENCES Match(id),
    FOREIGN KEY (team_id) REFERENCES Team(id),
    FOREIGN KEY (league_id) REFERENCES Player(id)
);
	-- Insert
INSERT INTO Clean_Sheets (id, match_id, team_id, league_id, shots, saves) VALUES 
(1, 1, 1, 1, 18, 14),
(2, 2, 2, 1, 6, 4),
(3, 22, 17, 1, 3, 3),
(4, 27, 5, 1, 18, 7),
(5, 28, 11, 1, 6, 3),
(6, 29, 10, 1, 16, 7),
(7, 31, 1, 1, 4, 2),
(8, 32, 18, 1, 15, 15),
(9, 37, 4, 1, 13, 6),
(10, 38, 5, 1, 10, 7),
(11, 41, 16, 1, 9, 1),
(12, 41, 1, 1, 5, 5),
(13, 45, 20, 1, 2, 1),
(14, 46, 11, 1, 6, 2),
(15, 49, 8, 1, 16, 9),
(16, 51, 1, 1, 2, 2),
(17, 54, 12, 1, 8, 2),
(18, 55, 19, 1, 8, 3),
(19, 65, 10, 1, 15, 5),
(20, 66, 19, 1, 4, 3),
(21, 67, 20, 1, 3, 3),
(22, 79, 2, 1, 8, 2),
(23, 87, 6, 1, 15, 11),
(24, 92, 12, 1, 11, 1),
(25, 94, 8, 1, 7, 4),
(26, 97, 17, 1, 3, 0),
(27, 99, 3, 1, 16, 5),
(28, 102, 9, 1, 2, 0),
(29, 103, 8, 1, 8, 0),
(30, 104, 7, 1, 12, 2),
(31, 105, 6, 1, 18, 7),
(32, 109, 2, 1, 9, 4),
(33, 111, 1, 1, 3, 0),
(34, 112, 8, 1, 14, 11),
(35, 113, 11, 1, 15, 2),
(36, 115, 13, 1, 3, 3),
(37, 117, 3, 1, 2, 0),
(38, 119, 20, 1, 7, 4),
(39, 122, 7, 1, 7, 1),
(40, 126, 13, 1, 2, 2),
(41, 130, 18, 1, 7, 7),
(42, 135, 3, 1, 9, 9),
(43, 137, 13, 1, 5, 2),
(44, 139, 15, 1, 10, 4),
(45, 140, 17, 1, 16, 3),
(46, 140, 16, 1, 4, 2),
(47, 141, 1, 1, 12, 4),
(48, 146, 20, 1, 1, 0),
(49, 146, 11, 1, 4, 3),
(50, 155, 9, 1, 2, 0),
(51, 160, 14, 1, 4, 4),
(52, 165, 19, 1, 7, 2),
(53, 165, 8, 1, 6, 2),
(54, 178, 15, 1, 8, 2),
(55, 180, 13, 1, 6, 2),
(56, 180, 12, 1, 12, 4),
(57, 181, 2, 1, 13, 13),
(58, 182, 20, 1, 7, 0),
(59, 183, 4, 1, 17, 8),
(60, 185, 17, 1, 16, 3),
(61, 188, 14, 1, 7, 6),
(62, 189, 10, 1, 1, 0),
(63, 190, 11, 1, 6, 4),
(64, 191, 20, 1, 11, 1),
(65, 192, 2, 1, 13, 2),
(66, 192, 19, 1, 11, 9),
(67, 193, 18, 1, 15, 11),
(68, 195, 5, 1, 1, 0),
(69, 201, 1, 1, 16, 12),
(70, 203, 2, 1, 3, 0),
(71, 205, 4, 1, 5, 3),
(72, 206, 14, 1, 4, 4),
(73, 212, 19, 1, 7, 2),
(74, 213, 16, 1, 9, 8),
(75, 214, 2, 1, 8, 4),
(76, 214, 15, 1, 11, 7),
(77, 215, 3, 1, 0, 0),
(78, 217, 5, 1, 0, 0),
(79, 218, 11, 1, 5, 5),
(80, 223, 19, 1, 11, 9),
(81, 224, 20, 1, 15, 15),
(82, 227, 11, 1, 9, 9),
(83, 235, 20, 1, 3, 1),
(84, 243, 17, 1, 12, 3),
(85, 244, 18, 1, 2, 2),
(86, 260, 4, 1, 17, 6),
(87, 261, 1, 1, 15, 1),
(88, 263, 15, 1, 10, 5),
(89, 264, 10, 1, 15, 8),
(90, 265, 9, 1, 6, 2),
(91, 266, 18, 1, 8, 3),
(92, 267, 19, 1, 1, 0),
(93, 274, 15, 1, 17, 11),
(94, 275, 8, 1, 13, 10),
(95, 277, 18, 1, 7, 5),
(96, 278, 5, 1, 17, 0),
(97, 279, 20, 1, 10, 0),
(98, 283, 9, 1, 10, 6),
(99, 285, 15, 1, 0, 0),
(100, 286, 16, 1, 12, 11),
(101, 286, 6, 1, 6, 0),
(102, 292, 11, 1, 5, 4),
(103, 294, 7, 1, 0, 0),
(104, 295, 14, 1, 5, 2),
(105, 295, 6, 1, 5, 2),
(106, 299, 2, 1, 0, 0),
(107, 301, 9, 1, 2, 1),
(108, 302, 10, 1, 1, 0),
(109, 304, 12, 1, 15, 1),
(110, 304, 6, 1, 16, 11),
(111, 307, 3, 1, 3, 0),
(112, 310, 19, 1, 4, 1),
(113, 313, 10, 1, 7, 3),
(114, 315, 12, 1, 8, 7),
(115, 317, 14, 1, 3, 2),
(116, 319, 19, 1, 17, 14),
(117, 322, 8, 1, 8, 5),
(118, 323, 9, 1, 18, 8),
(119, 326, 2, 1, 2, 2),
(120, 330, 17, 1, 6, 4),
(121, 331, 6, 1, 18, 5),
(122, 339, 17, 1, 14, 1),
(123, 340, 16, 1, 12, 9),
(124, 341, 1, 1, 18, 0),
(125, 342, 4, 1, 15, 7),
(126, 343, 7, 1, 12, 5),
(127, 343, 3, 1, 1, 0),
(128, 349, 16, 1, 13, 7),
(129, 350, 14, 1, 12, 9),
(130, 350, 15, 1, 8, 5),
(131, 351, 1, 1, 1, 1),
(132, 359, 15, 1, 4, 2),
(133, 361, 1, 1, 1, 0),
(134, 364, 6, 1, 4, 0),
(135, 365, 18, 1, 4, 3),
(136, 369, 11, 1, 18, 7),
(137, 372, 20, 1, 13, 0),
(138, 373, 4, 1, 11, 1),
(139, 376, 7, 1, 3, 1),
(140, 378, 14, 1, 11, 6),
(141, 387, 27, 2, 18, 5),
(142, 389, 36, 2, 7, 2),
(143, 390, 35, 2, 6, 1),
(144, 391, 34, 2, 12, 4),
(145, 391, 31, 2, 18, 0),
(146, 392, 32, 2, 18, 2),
(147, 397, 24, 2, 18, 13),
(148, 399, 37, 2, 11, 10),
(149, 401, 28, 2, 2, 2),
(150, 403, 33, 2, 5, 0),
(151, 407, 40, 2, 0, 0),
(152, 416, 30, 2, 16, 15),
(153, 417, 41, 2, 12, 9),
(154, 425, 33, 2, 1, 1),
(155, 426, 27, 2, 4, 2),
(156, 433, 36, 2, 6, 3),
(157, 439, 27, 2, 15, 9),
(158, 448, 23, 2, 4, 1),
(159, 452, 28, 2, 12, 1),
(160, 453, 21, 2, 16, 8),
(161, 456, 41, 2, 9, 5),
(162, 458, 43, 2, 7, 3),
(163, 461, 30, 2, 16, 2),
(164, 461, 23, 2, 13, 6),
(165, 462, 24, 2, 9, 2),
(166, 464, 27, 2, 12, 1),
(167, 467, 35, 2, 6, 3),
(168, 471, 31, 2, 1, 1),
(169, 474, 28, 2, 17, 12),
(170, 480, 39, 2, 7, 2),
(171, 483, 42, 2, 12, 8),
(172, 485, 28, 2, 7, 1),
(173, 485, 44, 2, 4, 3),
(174, 490, 34, 2, 16, 13),
(175, 494, 40, 2, 18, 8),
(176, 500, 23, 2, 1, 1),
(177, 501, 34, 2, 9, 1),
(178, 504, 37, 2, 16, 2),
(179, 515, 35, 2, 12, 2),
(180, 516, 30, 2, 4, 1),
(181, 521, 25, 2, 13, 5),
(182, 526, 33, 2, 9, 1),
(183, 529, 28, 2, 18, 1),
(184, 530, 27, 2, 12, 4),
(185, 534, 41, 2, 0, 0),
(186, 537, 31, 2, 17, 7),
(187, 538, 30, 2, 9, 1),
(188, 542, 36, 2, 4, 0),
(189, 548, 42, 2, 3, 1),
(190, 551, 28, 2, 6, 0),
(191, 552, 33, 2, 16, 7),
(192, 553, 34, 2, 4, 3),
(193, 554, 35, 2, 16, 16),
(194, 555, 36, 2, 6, 6),
(195, 556, 37, 2, 13, 2),
(196, 560, 42, 2, 0, 0),
(197, 560, 41, 2, 9, 9),
(198, 569, 44, 2, 9, 3),
(199, 572, 41, 2, 7, 3),
(200, 576, 25, 2, 2, 0),
(201, 577, 32, 2, 8, 8),
(202, 578, 23, 2, 10, 9),
(203, 579, 34, 2, 17, 11),
(204, 581, 36, 2, 12, 5),
(205, 582, 42, 2, 6, 2),
(206, 582, 37, 2, 18, 2),
(207, 586, 26, 2, 2, 1),
(208, 587, 29, 2, 5, 4),
(209, 588, 24, 2, 9, 8),
(210, 590, 22, 2, 15, 2),
(211, 591, 33, 2, 13, 11),
(212, 592, 43, 2, 16, 4),
(213, 593, 42, 2, 2, 2),
(214, 593, 35, 2, 7, 4),
(215, 596, 39, 2, 11, 11),
(216, 597, 21, 2, 6, 6),
(217, 601, 22, 2, 5, 3),
(218, 601, 30, 2, 9, 3),
(219, 605, 41, 2, 8, 6),
(220, 608, 38, 2, 5, 2),
(221, 608, 37, 2, 2, 2),
(222, 618, 39, 2, 15, 15),
(223, 620, 36, 2, 18, 9),
(224, 624, 44, 2, 3, 2),
(225, 632, 35, 2, 17, 13),
(226, 636, 26, 2, 13, 7),
(227, 638, 41, 2, 4, 0),
(228, 639, 29, 2, 4, 1),
(229, 642, 37, 2, 4, 0),
(230, 648, 42, 2, 7, 4),
(231, 659, 42, 2, 10, 2),
(232, 659, 23, 2, 7, 3),
(233, 662, 39, 2, 6, 5),
(234, 663, 38, 2, 7, 4),
(235, 664, 28, 2, 16, 13),
(236, 666, 30, 2, 10, 4),
(237, 669, 21, 2, 6, 0),
(238, 672, 23, 2, 18, 0),
(239, 674, 25, 2, 4, 0),
(240, 684, 22, 2, 2, 1),
(241, 685, 23, 2, 14, 9),
(242, 688, 35, 2, 10, 8),
(243, 688, 26, 2, 10, 6),
(244, 689, 34, 2, 18, 2),
(245, 689, 27, 2, 0, 0),
(246, 690, 28, 2, 17, 13),
(247, 694, 40, 2, 5, 2),
(248, 696, 38, 2, 6, 6),
(249, 697, 37, 2, 17, 16),
(250, 698, 36, 2, 7, 6),
(251, 706, 41, 2, 3, 3),
(252, 717, 39, 2, 0, 0),
(253, 719, 37, 2, 16, 1),
(254, 720, 36, 2, 13, 0),
(255, 720, 42, 2, 1, 0),
(256, 722, 34, 2, 1, 1),
(257, 722, 44, 2, 11, 11),
(258, 723, 22, 2, 16, 1),
(259, 727, 29, 2, 10, 6),
(260, 730, 39, 2, 4, 1),
(261, 731, 40, 2, 0, 0),
(262, 735, 44, 2, 3, 0),
(263, 743, 39, 2, 9, 8),
(264, 745, 33, 2, 17, 8),
(265, 749, 29, 2, 1, 1),
(266, 749, 22, 2, 9, 1),
(267, 750, 28, 2, 0, 0),
(268, 750, 23, 2, 7, 1),
(269, 751, 27, 2, 14, 4),
(270, 756, 39, 2, 17, 7),
(271, 761, 44, 2, 1, 0),
(272, 763, 23, 2, 2, 1),
(273, 765, 35, 2, 9, 0),
(274, 767, 37, 2, 4, 4),
(275, 768, 38, 2, 16, 0),
(276, 773, 27, 2, 16, 16),
(277, 775, 25, 2, 2, 2),
(278, 777, 34, 2, 14, 4),
(279, 781, 30, 2, 5, 0),
(280, 785, 26, 2, 4, 2),
(281, 786, 43, 2, 13, 0),
(282, 787, 24, 2, 13, 6),
(283, 789, 33, 2, 5, 3),
(284, 791, 31, 2, 2, 1),
(285, 795, 27, 2, 6, 0),
(286, 798, 42, 2, 4, 1),
(287, 802, 33, 2, 10, 8),
(288, 805, 36, 2, 2, 0),
(289, 807, 26, 2, 0, 0),
(290, 809, 40, 2, 12, 5),
(291, 810, 23, 2, 0, 0),
(292, 812, 44, 2, 8, 7),
(293, 818, 26, 2, 9, 5),
(294, 819, 25, 2, 15, 3),
(295, 820, 38, 2, 6, 1),
(296, 831, 24, 2, 9, 8),
(297, 838, 28, 2, 6, 6),
(298, 838, 30, 2, 2, 2),
(299, 839, 27, 2, 3, 0),
(300, 839, 31, 2, 9, 6),
(301, 840, 32, 2, 12, 4),
(302, 849, 21, 2, 2, 1),
(303, 858, 42, 2, 17, 3),
(304, 860, 40, 2, 1, 1),
(305, 863, 29, 2, 5, 5),
(306, 865, 23, 2, 15, 14),
(307, 866, 32, 2, 15, 4),
(308, 869, 35, 2, 2, 1),
(309, 870, 41, 2, 7, 4),
(310, 872, 39, 2, 5, 4),
(311, 886, 24, 2, 17, 13),
(312, 886, 26, 2, 6, 2),
(313, 891, 42, 2, 18, 8),
(314, 897, 21, 2, 6, 2),
(315, 900, 27, 2, 12, 4),
(316, 910, 22, 2, 9, 5),
(317, 912, 43, 2, 17, 12),
(318, 912, 26, 2, 15, 1),
(319, 917, 38, 2, 7, 6),
(320, 922, 44, 2, 10, 6),
(321, 923, 24, 2, 15, 9),
(322, 924, 42, 2, 4, 3),
(323, 925, 41, 2, 18, 12),
(324, 927, 28, 2, 17, 4),
(325, 930, 36, 2, 15, 11);
SELECT * FROM Clean_Sheets

-- 'Stadium'
	-- Table
CREATE TABLE Stadium (
    id SERIAL PRIMARY KEY,
    name VARCHAR(50) NOT NULL,
    capacity INT NOT NULL,
    city VARCHAR(30) NOT NULL,
	team_id INT,
    FOREIGN KEY (team_id) REFERENCES Team(id)
);
	-- Insert
INSERT INTO Stadium (id, name, capacity, city, team_id) VALUES
(1, 'Emirates Stadium', 60260, 'London', 1),
(2, 'Villa Park', 42749, 'Birmingham', 2),
(3, 'Vitality Stadium', 11364, 'Bournemouth', 3),
(4, 'Brentford Community Stadium', 17250, 'London', 4),
(5, 'American Express Community Stadium', 30666, 'Brighton', 5),
(6, 'Stamford Bridge', 40834, 'London', 6),
(7, 'Selhurst Park', 25486, 'London', 7),
(8, 'Goodison Park', 39414, 'Liverpool', 8),
(9, 'Craven Cottage', 19359, 'London', 9),
(10, 'Elland Road', 37890, 'Leeds', 10),
(11, 'King Power Stadium', 32312, 'Leicester', 11),
(12, 'Anfield', 53394, 'Liverpool', 12),
(13, 'Etihad Stadium', 53000, 'Manchester', 13),
(14, 'Old Trafford', 74140, 'Manchester', 14),
(15, 'St James'' Park', 52354, 'Newcastle upon Tyne', 15),
(16, 'The City Ground', 30445, 'Nottingham', 16),
(17, 'St Mary''s Stadium', 32384, 'Southampton', 17),
(18, 'Tottenham Hotspur Stadium', 62850, 'London', 18),
(19, 'London Stadium', 60000, 'London', 19),
(20, 'Molineux Stadium', 32050, 'Wolverhampton', 20),
(21, 'St Andrew''s', 29409, 'Birmingham', 21),
(22, 'Ewood Park', 31367, 'Blackburn', 22),
(23, 'Bloomfield Road', 17338, 'Blackpool', 23),
(24, 'Ashton Gate Stadium', 27000, 'Bristol', 24),
(25, 'Turf Moor', 21944, 'Burnley', 25),
(26, 'Cardiff City Stadium', 33316, 'Cardiff', 26),
(27, 'Coventry Building Society Arena', 32609, 'Coventry', 27),
(28, 'John Smith''s Stadium', 24554, 'Huddersfield', 28),
(29, 'KCOM Stadium', 25586, 'Hull', 29),
(30, 'Kenilworth Road', 10356, 'Luton', 30),
(31, 'Riverside Stadium', 34742, 'Middlesbrough', 31),
(32, 'The Den', 20146, 'London', 32),
(33, 'Carrow Road', 27244, 'Norwich', 33),
(34, 'Deepdale', 23408, 'Preston', 34),
(35, 'Kiyan Prince Foundation Stadium', 18439, 'London', 35),
(36, 'Madejski Stadium', 24161, 'Reading', 36),
(37, 'AESSEAL New York Stadium', 12021, 'Rotherham', 37),
(38, 'Bramall Lane', 32702, 'Sheffield', 38),
(39, 'bet365 Stadium', 30089, 'Stoke-on-Trent', 39),
(40, 'Stadium of Light', 49000, 'Sunderland', 40),
(41, 'Liberty Stadium', 20520, 'Swansea', 41),
(42, 'Vicarage Road', 22200, 'Watford', 42),
(43, 'The Hawthorns', 26688, 'West Bromwich', 43),
(44, 'DW Stadium', 25133, 'Wigan', 44),
(45, 'Wembley Stadium', 90000, 'London', 1);
SELECT * FROM Stadium

-- 'Schedule'
	-- Table
CREATE TABLE Schedule (
    id SERIAL PRIMARY KEY,
    date DATE NOT NULL,
    time TIME NOT NULL,
	stadium_id INT,
	match_id INT,
	league_id INT,
    FOREIGN KEY (stadium_id) REFERENCES Stadium(id),
    FOREIGN KEY (match_id) REFERENCES Match(id),
    FOREIGN KEY (league_id) REFERENCES League(id)
);
	-- Insert
INSERT INTO Schedule (id, stadium_id, match_id, date, time, league_id) VALUES
(1, 1, 1, '2024-08-01', '20:00:00', 1),
(2, 2, 2, '2024-08-01', '20:00:00', 1),
(3, 3, 3, '2024-08-01', '20:00:00', 1),
(4, 4, 4, '2024-08-01', '17:30:00', 1),
(5, 5, 5, '2024-08-01', '20:00:00', 1),
(6, 6, 6, '2024-08-01', '17:30:00', 1),
(7, 7, 7, '2024-08-01', '12:30:00', 1),
(8, 8, 8, '2024-08-01', '15:00:00', 1),
(9, 9, 9, '2024-08-01', '15:00:00', 1),
(10, 10, 10, '2024-08-01', '15:00:00', 1),
(11, 1, 11, '2024-08-08', '20:00:00', 1),
(12, 20, 12, '2024-08-08', '15:00:00', 1),
(13, 2, 13, '2024-08-08', '12:30:00', 1),
(14, 3, 14, '2024-08-08', '15:00:00', 1),
(15, 4, 15, '2024-08-08', '15:00:00', 1),
(16, 5, 16, '2024-08-08', '20:00:00', 1),
(17, 6, 17, '2024-08-08', '15:00:00', 1),
(18, 7, 18, '2024-08-08', '12:30:00', 1),
(19, 8, 19, '2024-08-08', '17:30:00', 1),
(20, 9, 20, '2024-08-08', '12:30:00', 1),
(21, 1, 21, '2024-08-15', '12:30:00', 1),
(22, 19, 22, '2024-08-15', '20:00:00', 1),
(23, 20, 23, '2024-08-15', '12:30:00', 1),
(24, 2, 24, '2024-08-15', '15:00:00', 1),
(25, 3, 25, '2024-08-15', '17:30:00', 1),
(26, 4, 26, '2024-08-15', '20:00:00', 1),
(27, 5, 27, '2024-08-15', '20:00:00', 1),
(28, 6, 28, '2024-08-15', '17:30:00', 1),
(29, 7, 29, '2024-08-15', '12:30:00', 1),
(30, 8, 30, '2024-08-15', '20:00:00', 1),
(31, 1, 31, '2024-08-22', '20:00:00', 1),
(32, 18, 32, '2024-08-22', '20:00:00', 1),
(33, 19, 33, '2024-08-22', '12:30:00', 1),
(34, 20, 34, '2024-08-22', '12:30:00', 1),
(35, 2, 35, '2024-08-22', '20:00:00', 1),
(36, 3, 36, '2024-08-22', '17:30:00', 1),
(37, 4, 37, '2024-08-22', '20:00:00', 1),
(38, 5, 38, '2024-08-22', '12:30:00', 1),
(39, 6, 39, '2024-08-22', '12:30:00', 1),
(40, 7, 40, '2024-08-22', '20:00:00', 1),
(41, 1, 41, '2024-08-29', '15:00:00', 1),
(42, 17, 42, '2024-08-29', '15:00:00', 1),
(43, 18, 43, '2024-08-29', '20:00:00', 1),
(44, 19, 44, '2024-08-29', '12:30:00', 1),
(45, 20, 45, '2024-08-29', '20:00:00', 1),
(46, 2, 46, '2024-08-29', '17:30:00', 1),
(47, 3, 47, '2024-08-29', '17:30:00', 1),
(48, 4, 48, '2024-08-29', '12:30:00', 1),
(49, 5, 49, '2024-08-29', '17:30:00', 1),
(50, 6, 50, '2024-08-29', '15:00:00', 1),
(51, 1, 51, '2024-09-05', '15:00:00', 1),
(52, 16, 52, '2024-09-05', '17:30:00', 1),
(53, 17, 53, '2024-09-05', '15:00:00', 1),
(54, 18, 54, '2024-09-05', '20:00:00', 1),
(55, 19, 55, '2024-09-05', '12:30:00', 1),
(56, 20, 56, '2024-09-05', '15:00:00', 1),
(57, 2, 57, '2024-09-05', '12:30:00', 1),
(58, 3, 58, '2024-09-05', '15:00:00', 1),
(59, 4, 59, '2024-09-05', '12:30:00', 1),
(60, 5, 60, '2024-09-05', '20:00:00', 1),
(61, 1, 61, '2024-09-12', '12:30:00', 1),
(62, 15, 62, '2024-09-12', '15:00:00', 1),
(63, 16, 63, '2024-09-12', '20:00:00', 1),
(64, 17, 64, '2024-09-12', '20:00:00', 1),
(65, 18, 65, '2024-09-12', '20:00:00', 1),
(66, 19, 66, '2024-09-12', '17:30:00', 1),
(67, 20, 67, '2024-09-12', '17:30:00', 1),
(68, 2, 68, '2024-09-12', '12:30:00', 1),
(69, 3, 69, '2024-09-12', '17:30:00', 1),
(70, 4, 70, '2024-09-12', '12:30:00', 1),
(71, 1, 71, '2024-09-19', '12:30:00', 1),
(72, 14, 72, '2024-09-19', '17:30:00', 1),
(73, 15, 73, '2024-09-19', '20:00:00', 1),
(74, 16, 74, '2024-09-19', '12:30:00', 1),
(75, 17, 75, '2024-09-19', '17:30:00', 1),
(76, 18, 76, '2024-09-19', '17:30:00', 1),
(77, 19, 77, '2024-09-19', '15:00:00', 1),
(78, 20, 78, '2024-09-19', '17:30:00', 1),
(79, 2, 79, '2024-09-19', '20:00:00', 1),
(80, 3, 80, '2024-09-19', '17:30:00', 1),
(81, 1, 81, '2024-09-26', '20:00:00', 1),
(82, 13, 82, '2024-09-26', '12:30:00', 1),
(83, 14, 83, '2024-09-26', '17:30:00', 1),
(84, 15, 84, '2024-09-26', '15:00:00', 1),
(85, 16, 85, '2024-09-26', '15:00:00', 1),
(86, 17, 86, '2024-09-26', '20:00:00', 1),
(87, 18, 87, '2024-09-26', '20:00:00', 1),
(88, 19, 88, '2024-09-26', '12:30:00', 1),
(89, 20, 89, '2024-09-26', '20:00:00', 1),
(90, 2, 90, '2024-09-26', '12:30:00', 1),
(91, 1, 91, '2024-10-03', '15:00:00', 1),
(92, 12, 92, '2024-10-03', '12:30:00', 1),
(93, 13, 93, '2024-10-03', '17:30:00', 1),
(94, 14, 94, '2024-10-03', '12:30:00', 1),
(95, 15, 95, '2024-10-03', '17:30:00', 1),
(96, 16, 96, '2024-10-03', '15:00:00', 1),
(97, 17, 97, '2024-10-03', '12:30:00', 1),
(98, 18, 98, '2024-10-03', '17:30:00', 1),
(99, 19, 99, '2024-10-03', '17:30:00', 1),
(100, 20, 100, '2024-10-03', '12:30:00', 1),
(101, 1, 101, '2024-10-10', '12:30:00', 1),
(102, 11, 102, '2024-10-10', '15:00:00', 1),
(103, 12, 103, '2024-10-10', '20:00:00', 1),
(104, 13, 104, '2024-10-10', '20:00:00', 1),
(105, 14, 105, '2024-10-10', '15:00:00', 1),
(106, 15, 106, '2024-10-10', '12:30:00', 1),
(107, 16, 107, '2024-10-10', '20:00:00', 1),
(108, 17, 108, '2024-10-10', '12:30:00', 1),
(109, 18, 109, '2024-10-10', '20:00:00', 1),
(110, 19, 110, '2024-10-10', '20:00:00', 1),
(111, 1, 111, '2024-10-17', '17:30:00', 1),
(112, 10, 112, '2024-10-17', '17:30:00', 1),
(113, 11, 113, '2024-10-17', '20:00:00', 1),
(114, 12, 114, '2024-10-17', '20:00:00', 1),
(115, 13, 115, '2024-10-17', '17:30:00', 1),
(116, 14, 116, '2024-10-17', '20:00:00', 1),
(117, 15, 117, '2024-10-17', '20:00:00', 1),
(118, 16, 118, '2024-10-17', '17:30:00', 1),
(119, 17, 119, '2024-10-17', '20:00:00', 1),
(120, 18, 120, '2024-10-17', '17:30:00', 1),
(121, 1, 121, '2024-10-24', '20:00:00', 1),
(122, 9, 122, '2024-10-24', '15:00:00', 1),
(123, 10, 123, '2024-10-24', '12:30:00', 1),
(124, 11, 124, '2024-10-24', '12:30:00', 1),
(125, 12, 125, '2024-10-24', '12:30:00', 1),
(126, 13, 126, '2024-10-24', '17:30:00', 1),
(127, 14, 127, '2024-10-24', '20:00:00', 1),
(128, 15, 128, '2024-10-24', '15:00:00', 1),
(129, 16, 129, '2024-10-24', '17:30:00', 1),
(130, 17, 130, '2024-10-24', '17:30:00', 1),
(131, 1, 131, '2024-10-31', '20:00:00', 1),
(132, 8, 132, '2024-10-31', '17:30:00', 1),
(133, 9, 133, '2024-10-31', '17:30:00', 1),
(134, 10, 134, '2024-10-31', '12:30:00', 1),
(135, 11, 135, '2024-10-31', '20:00:00', 1),
(136, 12, 136, '2024-10-31', '17:30:00', 1),
(137, 13, 137, '2024-10-31', '20:00:00', 1),
(138, 14, 138, '2024-10-31', '20:00:00', 1),
(139, 15, 139, '2024-10-31', '12:30:00', 1),
(140, 16, 140, '2024-10-31', '17:30:00', 1),
(141, 1, 141, '2024-11-07', '20:00:00', 1),
(142, 7, 142, '2024-11-07', '17:30:00', 1),
(143, 8, 143, '2024-11-07', '15:00:00', 1),
(144, 9, 144, '2024-11-07', '17:30:00', 1),
(145, 10, 145, '2024-11-07', '17:30:00', 1),
(146, 11, 146, '2024-11-07', '12:30:00', 1),
(147, 12, 147, '2024-11-07', '20:00:00', 1),
(148, 13, 148, '2024-11-07', '17:30:00', 1),
(149, 14, 149, '2024-11-07', '12:30:00', 1),
(150, 15, 150, '2024-11-07', '12:30:00', 1),
(151, 1, 151, '2024-11-14', '20:00:00', 1),
(152, 6, 152, '2024-11-14', '17:30:00', 1),
(153, 7, 153, '2024-11-14', '17:30:00', 1),
(154, 8, 154, '2024-11-14', '15:00:00', 1),
(155, 9, 155, '2024-11-14', '15:00:00', 1),
(156, 10, 156, '2024-11-14', '12:30:00', 1),
(157, 11, 157, '2024-11-14', '20:00:00', 1),
(158, 12, 158, '2024-11-14', '20:00:00', 1),
(159, 13, 159, '2024-11-14', '12:30:00', 1),
(160, 14, 160, '2024-11-14', '12:30:00', 1),
(161, 1, 161, '2024-11-21', '20:00:00', 1),
(162, 5, 162, '2024-11-21', '15:00:00', 1),
(163, 6, 163, '2024-11-21', '12:30:00', 1),
(164, 7, 164, '2024-11-21', '17:30:00', 1),
(165, 8, 165, '2024-11-21', '20:00:00', 1),
(166, 9, 166, '2024-11-21', '15:00:00', 1),
(167, 10, 167, '2024-11-21', '15:00:00', 1),
(168, 11, 168, '2024-11-21', '15:00:00', 1),
(169, 12, 169, '2024-11-21', '17:30:00', 1),
(170, 13, 170, '2024-11-21', '15:00:00', 1),
(171, 1, 171, '2024-11-28', '17:30:00', 1),
(172, 4, 172, '2024-11-28', '17:30:00', 1),
(173, 5, 173, '2024-11-28', '17:30:00', 1),
(174, 6, 174, '2024-11-28', '20:00:00', 1),
(175, 7, 175, '2024-11-28', '20:00:00', 1),
(176, 8, 176, '2024-11-28', '12:30:00', 1),
(177, 9, 177, '2024-11-28', '20:00:00', 1),
(178, 10, 178, '2024-11-28', '17:30:00', 1),
(179, 11, 179, '2024-11-28', '20:00:00', 1),
(180, 12, 180, '2024-11-28', '20:00:00', 1),
(181, 1, 181, '2024-12-05', '17:30:00', 1),
(182, 3, 182, '2024-12-05', '15:00:00', 1),
(183, 4, 183, '2024-12-05', '12:30:00', 1),
(184, 5, 184, '2024-12-05', '12:30:00', 1),
(185, 6, 185, '2024-12-05', '17:30:00', 1),
(186, 7, 186, '2024-12-05', '20:00:00', 1),
(187, 8, 187, '2024-12-05', '17:30:00', 1),
(188, 9, 188, '2024-12-05', '15:00:00', 1),
(189, 10, 189, '2024-12-05', '15:00:00', 1),
(190, 11, 190, '2024-12-05', '15:00:00', 1),
(191, 20, 191, '2024-12-12', '20:00:00', 1),
(192, 19, 192, '2024-12-12', '15:00:00', 1),
(193, 18, 193, '2024-12-12', '17:30:00', 1),
(194, 17, 194, '2024-12-12', '15:00:00', 1),
(195, 16, 195, '2024-12-12', '12:30:00', 1),
(196, 15, 196, '2024-12-12', '12:30:00', 1),
(197, 14, 197, '2024-12-12', '12:30:00', 1),
(198, 13, 198, '2024-12-12', '15:00:00', 1),
(199, 12, 199, '2024-12-12', '15:00:00', 1),
(200, 11, 200, '2024-12-12', '15:00:00', 1),
(201, 19, 201, '2024-12-19', '17:30:00', 1),
(202, 18, 202, '2024-12-19', '15:00:00', 1),
(203, 17, 203, '2024-12-19', '20:00:00', 1),
(204, 16, 204, '2024-12-19', '17:30:00', 1),
(205, 15, 205, '2024-12-19', '12:30:00', 1),
(206, 14, 206, '2024-12-19', '12:30:00', 1),
(207, 13, 207, '2024-12-19', '15:00:00', 1),
(208, 12, 208, '2024-12-19', '12:30:00', 1),
(209, 11, 209, '2024-12-19', '15:00:00', 1),
(210, 10, 210, '2024-12-19', '20:00:00', 1),
(211, 18, 211, '2024-12-26', '15:00:00', 1),
(212, 17, 212, '2024-12-26', '12:30:00', 1),
(213, 16, 213, '2024-12-26', '17:30:00', 1),
(214, 15, 214, '2024-12-26', '20:00:00', 1),
(215, 14, 215, '2024-12-26', '15:00:00', 1),
(216, 13, 216, '2024-12-26', '17:30:00', 1),
(217, 12, 217, '2024-12-26', '17:30:00', 1),
(218, 11, 218, '2024-12-26', '15:00:00', 1),
(219, 10, 219, '2024-12-26', '20:00:00', 1),
(220, 9, 220, '2024-12-26', '17:30:00', 1),
(221, 17, 221, '2025-01-02', '15:00:00', 1),
(222, 16, 222, '2025-01-02', '17:30:00', 1),
(223, 15, 223, '2025-01-02', '17:30:00', 1),
(224, 14, 224, '2025-01-02', '17:30:00', 1),
(225, 13, 225, '2025-01-02', '17:30:00', 1),
(226, 12, 226, '2025-01-02', '15:00:00', 1),
(227, 11, 227, '2025-01-02', '17:30:00', 1),
(228, 10, 228, '2025-01-02', '12:30:00', 1),
(229, 9, 229, '2025-01-02', '15:00:00', 1),
(230, 8, 230, '2025-01-02', '17:30:00', 1),
(231, 16, 231, '2025-01-09', '15:00:00', 1),
(232, 15, 232, '2025-01-09', '17:30:00', 1),
(233, 14, 233, '2025-01-09', '12:30:00', 1),
(234, 13, 234, '2025-01-09', '20:00:00', 1),
(235, 12, 235, '2025-01-09', '15:00:00', 1),
(236, 11, 236, '2025-01-09', '15:00:00', 1),
(237, 10, 237, '2025-01-09', '17:30:00', 1),
(238, 9, 238, '2025-01-09', '15:00:00', 1),
(239, 8, 239, '2025-01-09', '17:30:00', 1),
(240, 7, 240, '2025-01-09', '20:00:00', 1),
(241, 15, 241, '2025-01-16', '12:30:00', 1),
(242, 14, 242, '2025-01-16', '20:00:00', 1),
(243, 13, 243, '2025-01-16', '15:00:00', 1),
(244, 12, 244, '2025-01-16', '17:30:00', 1),
(245, 11, 245, '2025-01-16', '15:00:00', 1),
(246, 10, 246, '2025-01-16', '12:30:00', 1),
(247, 9, 247, '2025-01-16', '20:00:00', 1),
(248, 8, 248, '2025-01-16', '12:30:00', 1),
(249, 7, 249, '2025-01-16', '15:00:00', 1),
(250, 6, 250, '2025-01-16', '17:30:00', 1),
(251, 14, 251, '2025-01-23', '20:00:00', 1),
(252, 13, 252, '2025-01-23', '20:00:00', 1),
(253, 12, 253, '2025-01-23', '20:00:00', 1),
(254, 11, 254, '2025-01-23', '17:30:00', 1),
(255, 10, 255, '2025-01-23', '20:00:00', 1),
(256, 9, 256, '2025-01-23', '20:00:00', 1),
(257, 8, 257, '2025-01-23', '12:30:00', 1),
(258, 7, 258, '2025-01-23', '20:00:00', 1),
(259, 6, 259, '2025-01-23', '12:30:00', 1),
(260, 5, 260, '2025-01-23', '12:30:00', 1),
(261, 13, 261, '2025-01-30', '12:30:00', 1),
(262, 12, 262, '2025-01-30', '12:30:00', 1),
(263, 11, 263, '2025-01-30', '17:30:00', 1),
(264, 10, 264, '2025-01-30', '20:00:00', 1),
(265, 9, 265, '2025-01-30', '12:30:00', 1),
(266, 8, 266, '2025-01-30', '15:00:00', 1),
(267, 7, 267, '2025-01-30', '12:30:00', 1),
(268, 6, 268, '2025-01-30', '15:00:00', 1),
(269, 5, 269, '2025-01-30', '20:00:00', 1),
(270, 4, 270, '2025-01-30', '20:00:00', 1),
(271, 12, 271, '2025-02-06', '12:30:00', 1),
(272, 11, 272, '2025-02-06', '12:30:00', 1),
(273, 10, 273, '2025-02-06', '12:30:00', 1),
(274, 9, 274, '2025-02-06', '12:30:00', 1),
(275, 8, 275, '2025-02-06', '17:30:00', 1),
(276, 7, 276, '2025-02-06', '15:00:00', 1),
(277, 6, 277, '2025-02-06', '15:00:00', 1),
(278, 5, 278, '2025-02-06', '20:00:00', 1),
(279, 4, 279, '2025-02-06', '20:00:00', 1),
(280, 3, 280, '2025-02-06', '15:00:00', 1),
(281, 11, 281, '2025-02-13', '12:30:00', 1),
(282, 10, 282, '2025-02-13', '17:30:00', 1),
(283, 9, 283, '2025-02-13', '15:00:00', 1),
(284, 8, 284, '2025-02-13', '20:00:00', 1),
(285, 7, 285, '2025-02-13', '12:30:00', 1),
(286, 6, 286, '2025-02-13', '17:30:00', 1),
(287, 5, 287, '2025-02-13', '20:00:00', 1),
(288, 4, 288, '2025-02-13', '20:00:00', 1),
(289, 3, 289, '2025-02-13', '12:30:00', 1),
(290, 2, 290, '2025-02-13', '15:00:00', 1),
(291, 10, 291, '2025-02-20', '15:00:00', 1),
(292, 9, 292, '2025-02-20', '15:00:00', 1),
(293, 8, 293, '2025-02-20', '17:30:00', 1),
(294, 7, 294, '2025-02-20', '12:30:00', 1),
(295, 6, 295, '2025-02-20', '20:00:00', 1),
(296, 5, 296, '2025-02-20', '12:30:00', 1),
(297, 4, 297, '2025-02-20', '20:00:00', 1),
(298, 3, 298, '2025-02-20', '17:30:00', 1),
(299, 2, 299, '2025-02-20', '12:30:00', 1),
(300, 20, 300, '2025-02-20', '15:00:00', 1),
(301, 9, 301, '2025-02-27', '20:00:00', 1),
(302, 8, 302, '2025-02-27', '20:00:00', 1),
(303, 7, 303, '2025-02-27', '12:30:00', 1),
(304, 6, 304, '2025-02-27', '20:00:00', 1),
(305, 5, 305, '2025-02-27', '12:30:00', 1),
(306, 4, 306, '2025-02-27', '20:00:00', 1),
(307, 3, 307, '2025-02-27', '20:00:00', 1),
(308, 2, 308, '2025-02-27', '20:00:00', 1),
(309, 20, 309, '2025-02-27', '20:00:00', 1),
(310, 19, 310, '2025-02-27', '20:00:00', 1),
(311, 8, 311, '2025-03-06', '20:00:00', 1),
(312, 7, 312, '2025-03-06', '17:30:00', 1),
(313, 6, 313, '2025-03-06', '12:30:00', 1),
(314, 5, 314, '2025-03-06', '20:00:00', 1),
(315, 4, 315, '2025-03-06', '17:30:00', 1),
(316, 3, 316, '2025-03-06', '15:00:00', 1),
(317, 2, 317, '2025-03-06', '12:30:00', 1),
(318, 20, 318, '2025-03-06', '15:00:00', 1),
(319, 19, 319, '2025-03-06', '17:30:00', 1),
(320, 18, 320, '2025-03-06', '20:00:00', 1),
(321, 7, 321, '2025-03-13', '17:30:00', 1),
(322, 6, 322, '2025-03-13', '20:00:00', 1),
(323, 5, 323, '2025-03-13', '12:30:00', 1),
(324, 4, 324, '2025-03-13', '15:00:00', 1),
(325, 3, 325, '2025-03-13', '15:00:00', 1),
(326, 2, 326, '2025-03-13', '12:30:00', 1),
(327, 20, 327, '2025-03-13', '17:30:00', 1),
(328, 19, 328, '2025-03-13', '15:00:00', 1),
(329, 18, 329, '2025-03-13', '20:00:00', 1),
(330, 17, 330, '2025-03-13', '12:30:00', 1),
(331, 6, 331, '2025-03-20', '15:00:00', 1),
(332, 5, 332, '2025-03-20', '12:30:00', 1),
(333, 4, 333, '2025-03-20', '12:30:00', 1),
(334, 3, 334, '2025-03-20', '20:00:00', 1),
(335, 2, 335, '2025-03-20', '12:30:00', 1),
(336, 20, 336, '2025-03-20', '15:00:00', 1),
(337, 19, 337, '2025-03-20', '17:30:00', 1),
(338, 18, 338, '2025-03-20', '12:30:00', 1),
(339, 17, 339, '2025-03-20', '20:00:00', 1),
(340, 16, 340, '2025-03-20', '15:00:00', 1),
(341, 5, 341, '2025-03-27', '20:00:00', 1),
(342, 4, 342, '2025-03-27', '12:30:00', 1),
(343, 3, 343, '2025-03-27', '20:00:00', 1),
(344, 2, 344, '2025-03-27', '12:30:00', 1),
(345, 20, 345, '2025-03-27', '15:00:00', 1),
(346, 19, 346, '2025-03-27', '17:30:00', 1),
(347, 18, 347, '2025-03-27', '17:30:00', 1),
(348, 17, 348, '2025-03-27', '15:00:00', 1),
(349, 16, 349, '2025-03-27', '15:00:00', 1),
(350, 15, 350, '2025-03-27', '20:00:00', 1),
(351, 4, 351, '2025-04-03', '15:00:00', 1),
(352, 3, 352, '2025-04-03', '17:30:00', 1),
(353, 2, 353, '2025-04-03', '15:00:00', 1),
(354, 20, 354, '2025-04-03', '12:30:00', 1),
(355, 19, 355, '2025-04-03', '17:30:00', 1),
(356, 18, 356, '2025-04-03', '20:00:00', 1),
(357, 17, 357, '2025-04-03', '12:30:00', 1),
(358, 16, 358, '2025-04-03', '20:00:00', 1),
(359, 15, 359, '2025-04-03', '20:00:00', 1),
(360, 14, 360, '2025-04-03', '17:30:00', 1),
(361, 3, 361, '2025-04-10', '15:00:00', 1),
(362, 2, 362, '2025-04-10', '12:30:00', 1),
(363, 20, 363, '2025-04-10', '15:00:00', 1),
(364, 19, 364, '2025-04-10', '20:00:00', 1),
(365, 18, 365, '2025-04-10', '20:00:00', 1),
(366, 17, 366, '2025-04-10', '20:00:00', 1),
(367, 16, 367, '2025-04-10', '17:30:00', 1),
(368, 15, 368, '2025-04-10', '20:00:00', 1),
(369, 14, 369, '2025-04-10', '20:00:00', 1),
(370, 13, 370, '2025-04-10', '15:00:00', 1),
(371, 2, 371, '2025-04-17', '15:00:00', 1),
(372, 20, 372, '2025-04-17', '17:30:00', 1),
(373, 19, 373, '2025-04-17', '17:30:00', 1),
(374, 18, 374, '2025-04-17', '15:00:00', 1),
(375, 17, 375, '2025-04-17', '15:00:00', 1),
(376, 16, 376, '2025-04-17', '17:30:00', 1),
(377, 15, 377, '2025-04-17', '12:30:00', 1),
(378, 14, 378, '2025-04-17', '17:30:00', 1),
(379, 13, 379, '2025-04-17', '17:30:00', 1),
(380, 12, 380, '2025-04-17', '12:30:00', 1),
(381, 21, 381, '2024-08-01', '15:00:00', 2),
(382, 22, 382, '2024-08-01', '17:30:00', 2),
(383, 23, 383, '2024-08-01', '17:30:00', 2),
(384, 24, 384, '2024-08-01', '15:00:00', 2),
(385, 25, 385, '2024-08-01', '12:30:00', 2),
(386, 26, 386, '2024-08-01', '17:30:00', 2),
(387, 27, 387, '2024-08-01', '12:30:00', 2),
(388, 28, 388, '2024-08-01', '17:30:00', 2),
(389, 29, 389, '2024-08-01', '15:00:00', 2),
(390, 30, 390, '2024-08-01', '17:30:00', 2),
(391, 31, 391, '2024-08-01', '12:30:00', 2),
(392, 32, 392, '2024-08-01', '15:00:00', 2),
(393, 21, 393, '2024-08-08', '17:30:00', 2),
(394, 44, 394, '2024-08-08', '20:00:00', 2),
(395, 22, 395, '2024-08-08', '12:30:00', 2),
(396, 23, 396, '2024-08-08', '17:30:00', 2),
(397, 24, 397, '2024-08-08', '17:30:00', 2),
(398, 25, 398, '2024-08-08', '20:00:00', 2),
(399, 26, 399, '2024-08-08', '15:00:00', 2),
(400, 27, 400, '2024-08-08', '20:00:00', 2),
(401, 28, 401, '2024-08-08', '15:00:00', 2),
(402, 29, 402, '2024-08-08', '17:30:00', 2),
(403, 30, 403, '2024-08-08', '12:30:00', 2),
(404, 31, 404, '2024-08-08', '15:00:00', 2),
(405, 21, 405, '2024-08-15', '20:00:00', 2),
(406, 43, 406, '2024-08-15', '15:00:00', 2),
(407, 44, 407, '2024-08-15', '20:00:00', 2),
(408, 22, 408, '2024-08-15', '20:00:00', 2),
(409, 23, 409, '2024-08-15', '17:30:00', 2),
(410, 24, 410, '2024-08-15', '15:00:00', 2),
(411, 25, 411, '2024-08-15', '15:00:00', 2),
(412, 26, 412, '2024-08-15', '20:00:00', 2),
(413, 27, 413, '2024-08-15', '12:30:00', 2),
(414, 28, 414, '2024-08-15', '15:00:00', 2),
(415, 29, 415, '2024-08-15', '12:30:00', 2),
(416, 30, 416, '2024-08-15', '12:30:00', 2),
(417, 21, 417, '2024-08-22', '17:30:00', 2),
(418, 42, 418, '2024-08-22', '20:00:00', 2),
(419, 43, 419, '2024-08-22', '12:30:00', 2),
(420, 44, 420, '2024-08-22', '12:30:00', 2),
(421, 22, 421, '2024-08-22', '17:30:00', 2),
(422, 23, 422, '2024-08-22', '20:00:00', 2),
(423, 24, 423, '2024-08-22', '15:00:00', 2),
(424, 25, 424, '2024-08-22', '17:30:00', 2),
(425, 26, 425, '2024-08-22', '17:30:00', 2),
(426, 27, 426, '2024-08-22', '15:00:00', 2),
(427, 28, 427, '2024-08-22', '12:30:00', 2),
(428, 29, 428, '2024-08-22', '15:00:00', 2),
(429, 21, 429, '2024-08-29', '15:00:00', 2),
(430, 41, 430, '2024-08-29', '20:00:00', 2),
(431, 42, 431, '2024-08-29', '20:00:00', 2),
(432, 43, 432, '2024-08-29', '17:30:00', 2),
(433, 44, 433, '2024-08-29', '15:00:00', 2),
(434, 22, 434, '2024-08-29', '15:00:00', 2),
(435, 23, 435, '2024-08-29', '17:30:00', 2),
(436, 24, 436, '2024-08-29', '12:30:00', 2),
(437, 25, 437, '2024-08-29', '17:30:00', 2),
(438, 26, 438, '2024-08-29', '17:30:00', 2),
(439, 27, 439, '2024-08-29', '15:00:00', 2),
(440, 28, 440, '2024-08-29', '17:30:00', 2),
(441, 21, 441, '2024-09-05', '20:00:00', 2),
(442, 40, 442, '2024-09-05', '17:30:00', 2),
(443, 41, 443, '2024-09-05', '17:30:00', 2),
(444, 42, 444, '2024-09-05', '20:00:00', 2),
(445, 43, 445, '2024-09-05', '20:00:00', 2),
(446, 44, 446, '2024-09-05', '12:30:00', 2),
(447, 22, 447, '2024-09-05', '17:30:00', 2),
(448, 23, 448, '2024-09-05', '17:30:00', 2),
(449, 24, 449, '2024-09-05', '15:00:00', 2),
(450, 25, 450, '2024-09-05', '17:30:00', 2),
(451, 26, 451, '2024-09-05', '20:00:00', 2),
(452, 27, 452, '2024-09-05', '12:30:00', 2),
(453, 21, 453, '2024-09-12', '15:00:00', 2),
(454, 39, 454, '2024-09-12', '15:00:00', 2),
(455, 40, 455, '2024-09-12', '15:00:00', 2),
(456, 41, 456, '2024-09-12', '20:00:00', 2),
(457, 42, 457, '2024-09-12', '20:00:00', 2),
(458, 43, 458, '2024-09-12', '20:00:00', 2),
(459, 44, 459, '2024-09-12', '17:30:00', 2),
(460, 22, 460, '2024-09-12', '15:00:00', 2),
(461, 23, 461, '2024-09-12', '17:30:00', 2),
(462, 24, 462, '2024-09-12', '20:00:00', 2),
(463, 25, 463, '2024-09-12', '15:00:00', 2),
(464, 26, 464, '2024-09-12', '17:30:00', 2),
(465, 21, 465, '2024-09-19', '20:00:00', 2),
(466, 38, 466, '2024-09-19', '15:00:00', 2),
(467, 39, 467, '2024-09-19', '20:00:00', 2),
(468, 40, 468, '2024-09-19', '17:30:00', 2),
(469, 41, 469, '2024-09-19', '20:00:00', 2),
(470, 42, 470, '2024-09-19', '20:00:00', 2),
(471, 43, 471, '2024-09-19', '20:00:00', 2),
(472, 44, 472, '2024-09-19', '12:30:00', 2),
(473, 22, 473, '2024-09-19', '12:30:00', 2),
(474, 23, 474, '2024-09-19', '20:00:00', 2),
(475, 24, 475, '2024-09-19', '17:30:00', 2),
(476, 25, 476, '2024-09-19', '15:00:00', 2),
(477, 21, 477, '2024-09-26', '12:30:00', 2),
(478, 37, 478, '2024-09-26', '12:30:00', 2),
(479, 38, 479, '2024-09-26', '12:30:00', 2),
(480, 39, 480, '2024-09-26', '12:30:00', 2),
(481, 40, 481, '2024-09-26', '15:00:00', 2),
(482, 41, 482, '2024-09-26', '17:30:00', 2),
(483, 42, 483, '2024-09-26', '15:00:00', 2),
(484, 43, 484, '2024-09-26', '12:30:00', 2),
(485, 44, 485, '2024-09-26', '17:30:00', 2),
(486, 22, 486, '2024-09-26', '17:30:00', 2),
(487, 23, 487, '2024-09-26', '20:00:00', 2),
(488, 24, 488, '2024-09-26', '12:30:00', 2),
(489, 21, 489, '2024-10-03', '15:00:00', 2),
(490, 36, 490, '2024-10-03', '12:30:00', 2),
(491, 37, 491, '2024-10-03', '15:00:00', 2),
(492, 38, 492, '2024-10-03', '20:00:00', 2),
(493, 39, 493, '2024-10-03', '12:30:00', 2),
(494, 40, 494, '2024-10-03', '15:00:00', 2),
(495, 41, 495, '2024-10-03', '12:30:00', 2),
(496, 42, 496, '2024-10-03', '20:00:00', 2),
(497, 43, 497, '2024-10-03', '15:00:00', 2),
(498, 44, 498, '2024-10-03', '12:30:00', 2),
(499, 22, 499, '2024-10-03', '20:00:00', 2),
(500, 23, 500, '2024-10-03', '12:30:00', 2),
(501, 21, 501, '2024-10-10', '20:00:00', 2),
(502, 35, 502, '2024-10-10', '17:30:00', 2),
(503, 36, 503, '2024-10-10', '17:30:00', 2),
(504, 37, 504, '2024-10-10', '15:00:00', 2),
(505, 38, 505, '2024-10-10', '20:00:00', 2),
(506, 39, 506, '2024-10-10', '20:00:00', 2),
(507, 40, 507, '2024-10-10', '20:00:00', 2),
(508, 41, 508, '2024-10-10', '12:30:00', 2),
(509, 42, 509, '2024-10-10', '12:30:00', 2),
(510, 43, 510, '2024-10-10', '17:30:00', 2),
(511, 44, 511, '2024-10-10', '17:30:00', 2),
(512, 22, 512, '2024-10-10', '12:30:00', 2),
(513, 21, 513, '2024-10-17', '12:30:00', 2),
(514, 34, 514, '2024-10-17', '20:00:00', 2),
(515, 35, 515, '2024-10-17', '17:30:00', 2),
(516, 36, 516, '2024-10-17', '17:30:00', 2),
(517, 37, 517, '2024-10-17', '15:00:00', 2),
(518, 38, 518, '2024-10-17', '15:00:00', 2),
(519, 39, 519, '2024-10-17', '20:00:00', 2),
(520, 40, 520, '2024-10-17', '15:00:00', 2),
(521, 41, 521, '2024-10-17', '15:00:00', 2),
(522, 42, 522, '2024-10-17', '17:30:00', 2),
(523, 43, 523, '2024-10-17', '12:30:00', 2),
(524, 44, 524, '2024-10-17', '17:30:00', 2),
(525, 21, 525, '2024-10-24', '15:00:00', 2),
(526, 33, 526, '2024-10-24', '20:00:00', 2),
(527, 34, 527, '2024-10-24', '20:00:00', 2),
(528, 35, 528, '2024-10-24', '12:30:00', 2),
(529, 36, 529, '2024-10-24', '17:30:00', 2),
(530, 37, 530, '2024-10-24', '12:30:00', 2),
(531, 38, 531, '2024-10-24', '20:00:00', 2),
(532, 39, 532, '2024-10-24', '17:30:00', 2),
(533, 40, 533, '2024-10-24', '12:30:00', 2),
(534, 41, 534, '2024-10-24', '17:30:00', 2),
(535, 42, 535, '2024-10-24', '17:30:00', 2),
(536, 43, 536, '2024-10-24', '15:00:00', 2),
(537, 21, 537, '2024-10-31', '12:30:00', 2),
(538, 32, 538, '2024-10-31', '12:30:00', 2),
(539, 33, 539, '2024-10-31', '20:00:00', 2),
(540, 34, 540, '2024-10-31', '20:00:00', 2),
(541, 35, 541, '2024-10-31', '12:30:00', 2),
(542, 36, 542, '2024-10-31', '20:00:00', 2),
(543, 37, 543, '2024-10-31', '15:00:00', 2),
(544, 38, 544, '2024-10-31', '17:30:00', 2),
(545, 39, 545, '2024-10-31', '15:00:00', 2),
(546, 40, 546, '2024-10-31', '12:30:00', 2),
(547, 41, 547, '2024-10-31', '20:00:00', 2),
(548, 42, 548, '2024-10-31', '17:30:00', 2),
(549, 21, 549, '2024-11-07', '17:30:00', 2),
(550, 31, 550, '2024-11-07', '20:00:00', 2),
(551, 32, 551, '2024-11-07', '15:00:00', 2),
(552, 33, 552, '2024-11-07', '15:00:00', 2),
(553, 34, 553, '2024-11-07', '12:30:00', 2),
(554, 35, 554, '2024-11-07', '15:00:00', 2),
(555, 36, 555, '2024-11-07', '15:00:00', 2),
(556, 37, 556, '2024-11-07', '15:00:00', 2),
(557, 38, 557, '2024-11-07', '17:30:00', 2),
(558, 39, 558, '2024-11-07', '12:30:00', 2),
(559, 40, 559, '2024-11-07', '12:30:00', 2),
(560, 41, 560, '2024-11-07', '12:30:00', 2),
(561, 21, 561, '2024-11-14', '17:30:00', 2),
(562, 30, 562, '2024-11-14', '15:00:00', 2),
(563, 31, 563, '2024-11-14', '20:00:00', 2),
(564, 32, 564, '2024-11-14', '20:00:00', 2),
(565, 33, 565, '2024-11-14', '15:00:00', 2),
(566, 34, 566, '2024-11-14', '17:30:00', 2),
(567, 35, 567, '2024-11-14', '20:00:00', 2),
(568, 36, 568, '2024-11-14', '17:30:00', 2),
(569, 37, 569, '2024-11-14', '12:30:00', 2),
(570, 38, 570, '2024-11-14', '20:00:00', 2),
(571, 39, 571, '2024-11-14', '12:30:00', 2),
(572, 40, 572, '2024-11-14', '20:00:00', 2),
(573, 21, 573, '2024-11-21', '20:00:00', 2),
(574, 29, 574, '2024-11-21', '12:30:00', 2),
(575, 30, 575, '2024-11-21', '20:00:00', 2),
(576, 31, 576, '2024-11-21', '20:00:00', 2),
(577, 32, 577, '2024-11-21', '15:00:00', 2),
(578, 33, 578, '2024-11-21', '15:00:00', 2),
(579, 34, 579, '2024-11-21', '20:00:00', 2),
(580, 35, 580, '2024-11-21', '17:30:00', 2),
(581, 36, 581, '2024-11-21', '17:30:00', 2),
(582, 37, 582, '2024-11-21', '17:30:00', 2),
(583, 38, 583, '2024-11-21', '12:30:00', 2),
(584, 39, 584, '2024-11-21', '17:30:00', 2),
(585, 21, 585, '2024-11-28', '17:30:00', 2),
(586, 28, 586, '2024-11-28', '17:30:00', 2),
(587, 29, 587, '2024-11-28', '20:00:00', 2),
(588, 30, 588, '2024-11-28', '20:00:00', 2),
(589, 31, 589, '2024-11-28', '12:30:00', 2),
(590, 32, 590, '2024-11-28', '20:00:00', 2),
(591, 33, 591, '2024-11-28', '17:30:00', 2),
(592, 34, 592, '2024-11-28', '15:00:00', 2),
(593, 35, 593, '2024-11-28', '17:30:00', 2),
(594, 36, 594, '2024-11-28', '17:30:00', 2),
(595, 37, 595, '2024-11-28', '12:30:00', 2),
(596, 38, 596, '2024-11-28', '20:00:00', 2),
(597, 21, 597, '2024-12-05', '15:00:00', 2),
(598, 27, 598, '2024-12-05', '12:30:00', 2),
(599, 28, 599, '2024-12-05', '20:00:00', 2),
(600, 29, 600, '2024-12-05', '12:30:00', 2),
(601, 30, 601, '2024-12-05', '20:00:00', 2),
(602, 31, 602, '2024-12-05', '17:30:00', 2),
(603, 32, 603, '2024-12-05', '12:30:00', 2),
(604, 33, 604, '2024-12-05', '15:00:00', 2),
(605, 34, 605, '2024-12-05', '15:00:00', 2),
(606, 35, 606, '2024-12-05', '12:30:00', 2),
(607, 36, 607, '2024-12-05', '17:30:00', 2),
(608, 37, 608, '2024-12-05', '17:30:00', 2),
(609, 21, 609, '2024-12-12', '20:00:00', 2),
(610, 26, 610, '2024-12-12', '12:30:00', 2),
(611, 27, 611, '2024-12-12', '17:30:00', 2),
(612, 28, 612, '2024-12-12', '17:30:00', 2),
(613, 29, 613, '2024-12-12', '17:30:00', 2),
(614, 30, 614, '2024-12-12', '12:30:00', 2),
(615, 31, 615, '2024-12-12', '15:00:00', 2),
(616, 32, 616, '2024-12-12', '20:00:00', 2),
(617, 33, 617, '2024-12-12', '12:30:00', 2),
(618, 34, 618, '2024-12-12', '17:30:00', 2),
(619, 35, 619, '2024-12-12', '20:00:00', 2),
(620, 36, 620, '2024-12-12', '15:00:00', 2),
(621, 21, 621, '2024-12-19', '12:30:00', 2),
(622, 25, 622, '2024-12-19', '20:00:00', 2),
(623, 26, 623, '2024-12-19', '20:00:00', 2),
(624, 27, 624, '2024-12-19', '15:00:00', 2),
(625, 28, 625, '2024-12-19', '12:30:00', 2),
(626, 29, 626, '2024-12-19', '20:00:00', 2),
(627, 30, 627, '2024-12-19', '15:00:00', 2),
(628, 31, 628, '2024-12-19', '17:30:00', 2),
(629, 32, 629, '2024-12-19', '15:00:00', 2),
(630, 33, 630, '2024-12-19', '12:30:00', 2),
(631, 34, 631, '2024-12-19', '12:30:00', 2),
(632, 35, 632, '2024-12-19', '20:00:00', 2),
(633, 21, 633, '2024-12-26', '15:00:00', 2),
(634, 24, 634, '2024-12-26', '12:30:00', 2),
(635, 25, 635, '2024-12-26', '17:30:00', 2),
(636, 26, 636, '2024-12-26', '17:30:00', 2),
(637, 27, 637, '2024-12-26', '15:00:00', 2),
(638, 28, 638, '2024-12-26', '12:30:00', 2),
(639, 29, 639, '2024-12-26', '15:00:00', 2),
(640, 30, 640, '2024-12-26', '12:30:00', 2),
(641, 31, 641, '2024-12-26', '12:30:00', 2),
(642, 32, 642, '2024-12-26', '20:00:00', 2),
(643, 33, 643, '2024-12-26', '15:00:00', 2),
(644, 34, 644, '2024-12-26', '17:30:00', 2),
(645, 21, 645, '2025-01-02', '12:30:00', 2),
(646, 23, 646, '2025-01-02', '20:00:00', 2),
(647, 24, 647, '2025-01-02', '20:00:00', 2),
(648, 25, 648, '2025-01-02', '12:30:00', 2),
(649, 26, 649, '2025-01-02', '20:00:00', 2),
(650, 27, 650, '2025-01-02', '12:30:00', 2),
(651, 28, 651, '2025-01-02', '15:00:00', 2),
(652, 29, 652, '2025-01-02', '17:30:00', 2),
(653, 30, 653, '2025-01-02', '17:30:00', 2),
(654, 31, 654, '2025-01-02', '15:00:00', 2),
(655, 32, 655, '2025-01-02', '12:30:00', 2),
(656, 33, 656, '2025-01-02', '15:00:00', 2),
(657, 21, 657, '2025-01-09', '15:00:00', 2),
(658, 22, 658, '2025-01-09', '15:00:00', 2),
(659, 23, 659, '2025-01-09', '17:30:00', 2),
(660, 24, 660, '2025-01-09', '12:30:00', 2),
(661, 25, 661, '2025-01-09', '20:00:00', 2),
(662, 26, 662, '2025-01-09', '15:00:00', 2),
(663, 27, 663, '2025-01-09', '12:30:00', 2),
(664, 28, 664, '2025-01-09', '15:00:00', 2),
(665, 29, 665, '2025-01-09', '17:30:00', 2),
(666, 30, 666, '2025-01-09', '20:00:00', 2),
(667, 31, 667, '2025-01-09', '12:30:00', 2),
(668, 32, 668, '2025-01-09', '20:00:00', 2),
(669, 21, 669, '2025-01-16', '12:30:00', 2),
(670, 44, 670, '2025-01-16', '12:30:00', 2),
(671, 22, 671, '2025-01-16', '15:00:00', 2),
(672, 23, 672, '2025-01-16', '12:30:00', 2),
(673, 24, 673, '2025-01-16', '20:00:00', 2),
(674, 25, 674, '2025-01-16', '12:30:00', 2),
(675, 26, 675, '2025-01-16', '15:00:00', 2),
(676, 27, 676, '2025-01-16', '17:30:00', 2),
(677, 28, 677, '2025-01-16', '15:00:00', 2),
(678, 29, 678, '2025-01-16', '15:00:00', 2),
(679, 30, 679, '2025-01-16', '17:30:00', 2),
(680, 31, 680, '2025-01-16', '20:00:00', 2),
(681, 21, 681, '2025-01-23', '12:30:00', 2),
(682, 43, 682, '2025-01-23', '20:00:00', 2),
(683, 44, 683, '2025-01-23', '12:30:00', 2),
(684, 22, 684, '2025-01-23', '17:30:00', 2),
(685, 23, 685, '2025-01-23', '17:30:00', 2),
(686, 24, 686, '2025-01-23', '17:30:00', 2),
(687, 25, 687, '2025-01-23', '17:30:00', 2),
(688, 26, 688, '2025-01-23', '15:00:00', 2),
(689, 27, 689, '2025-01-23', '12:30:00', 2),
(690, 28, 690, '2025-01-23', '12:30:00', 2),
(691, 29, 691, '2025-01-23', '12:30:00', 2),
(692, 30, 692, '2025-01-23', '15:00:00', 2),
(693, 21, 693, '2025-01-30', '20:00:00', 2),
(694, 42, 694, '2025-01-30', '12:30:00', 2),
(695, 43, 695, '2025-01-30', '15:00:00', 2),
(696, 44, 696, '2025-01-30', '15:00:00', 2),
(697, 22, 697, '2025-01-30', '17:30:00', 2),
(698, 23, 698, '2025-01-30', '15:00:00', 2),
(699, 24, 699, '2025-01-30', '15:00:00', 2),
(700, 25, 700, '2025-01-30', '15:00:00', 2),
(701, 26, 701, '2025-01-30', '12:30:00', 2),
(702, 27, 702, '2025-01-30', '20:00:00', 2),
(703, 28, 703, '2025-01-30', '12:30:00', 2),
(704, 29, 704, '2025-01-30', '17:30:00', 2),
(705, 21, 705, '2025-02-06', '20:00:00', 2),
(706, 41, 706, '2025-02-06', '17:30:00', 2),
(707, 42, 707, '2025-02-06', '20:00:00', 2),
(708, 43, 708, '2025-02-06', '20:00:00', 2),
(709, 44, 709, '2025-02-06', '17:30:00', 2),
(710, 22, 710, '2025-02-06', '12:30:00', 2),
(711, 23, 711, '2025-02-06', '15:00:00', 2),
(712, 24, 712, '2025-02-06', '17:30:00', 2),
(713, 25, 713, '2025-02-06', '15:00:00', 2),
(714, 26, 714, '2025-02-06', '12:30:00', 2),
(715, 27, 715, '2025-02-06', '17:30:00', 2),
(716, 28, 716, '2025-02-06', '17:30:00', 2),
(717, 21, 717, '2025-02-13', '12:30:00', 2),
(718, 40, 718, '2025-02-13', '15:00:00', 2),
(719, 41, 719, '2025-02-13', '15:00:00', 2),
(720, 42, 720, '2025-02-13', '12:30:00', 2),
(721, 43, 721, '2025-02-13', '20:00:00', 2),
(722, 44, 722, '2025-02-13', '12:30:00', 2),
(723, 22, 723, '2025-02-13', '20:00:00', 2),
(724, 23, 724, '2025-02-13', '15:00:00', 2),
(725, 24, 725, '2025-02-13', '20:00:00', 2),
(726, 25, 726, '2025-02-13', '12:30:00', 2),
(727, 26, 727, '2025-02-13', '12:30:00', 2),
(728, 27, 728, '2025-02-13', '20:00:00', 2),
(729, 21, 729, '2025-02-20', '20:00:00', 2),
(730, 39, 730, '2025-02-20', '20:00:00', 2),
(731, 40, 731, '2025-02-20', '12:30:00', 2),
(732, 41, 732, '2025-02-20', '12:30:00', 2),
(733, 42, 733, '2025-02-20', '20:00:00', 2),
(734, 43, 734, '2025-02-20', '17:30:00', 2),
(735, 44, 735, '2025-02-20', '20:00:00', 2),
(736, 22, 736, '2025-02-20', '12:30:00', 2),
(737, 23, 737, '2025-02-20', '20:00:00', 2),
(738, 24, 738, '2025-02-20', '12:30:00', 2),
(739, 25, 739, '2025-02-20', '20:00:00', 2),
(740, 26, 740, '2025-02-20', '20:00:00', 2),
(741, 21, 741, '2025-02-27', '20:00:00', 2),
(742, 38, 742, '2025-02-27', '17:30:00', 2),
(743, 39, 743, '2025-02-27', '20:00:00', 2),
(744, 40, 744, '2025-02-27', '17:30:00', 2),
(745, 41, 745, '2025-02-27', '12:30:00', 2),
(746, 42, 746, '2025-02-27', '12:30:00', 2),
(747, 43, 747, '2025-02-27', '15:00:00', 2),
(748, 44, 748, '2025-02-27', '15:00:00', 2),
(749, 22, 749, '2025-02-27', '12:30:00', 2),
(750, 23, 750, '2025-02-27', '15:00:00', 2),
(751, 24, 751, '2025-02-27', '17:30:00', 2),
(752, 25, 752, '2025-02-27', '20:00:00', 2),
(753, 21, 753, '2025-03-06', '12:30:00', 2),
(754, 37, 754, '2025-03-06', '20:00:00', 2),
(755, 38, 755, '2025-03-06', '17:30:00', 2),
(756, 39, 756, '2025-03-06', '15:00:00', 2),
(757, 40, 757, '2025-03-06', '12:30:00', 2),
(758, 41, 758, '2025-03-06', '15:00:00', 2),
(759, 42, 759, '2025-03-06', '12:30:00', 2),
(760, 43, 760, '2025-03-06', '12:30:00', 2),
(761, 44, 761, '2025-03-06', '15:00:00', 2),
(762, 22, 762, '2025-03-06', '17:30:00', 2),
(763, 23, 763, '2025-03-06', '12:30:00', 2),
(764, 24, 764, '2025-03-06', '17:30:00', 2),
(765, 21, 765, '2025-03-13', '17:30:00', 2),
(766, 36, 766, '2025-03-13', '15:00:00', 2),
(767, 37, 767, '2025-03-13', '20:00:00', 2),
(768, 38, 768, '2025-03-13', '15:00:00', 2),
(769, 39, 769, '2025-03-13', '12:30:00', 2),
(770, 40, 770, '2025-03-13', '15:00:00', 2),
(771, 41, 771, '2025-03-13', '15:00:00', 2),
(772, 42, 772, '2025-03-13', '15:00:00', 2),
(773, 43, 773, '2025-03-13', '15:00:00', 2),
(774, 44, 774, '2025-03-13', '17:30:00', 2),
(775, 22, 775, '2025-03-13', '12:30:00', 2),
(776, 23, 776, '2025-03-13', '17:30:00', 2),
(777, 21, 777, '2025-03-20', '20:00:00', 2),
(778, 35, 778, '2025-03-20', '20:00:00', 2),
(779, 36, 779, '2025-03-20', '17:30:00', 2),
(780, 37, 780, '2025-03-20', '12:30:00', 2),
(781, 38, 781, '2025-03-20', '15:00:00', 2),
(782, 39, 782, '2025-03-20', '12:30:00', 2),
(783, 40, 783, '2025-03-20', '15:00:00', 2),
(784, 41, 784, '2025-03-20', '20:00:00', 2),
(785, 42, 785, '2025-03-20', '15:00:00', 2),
(786, 43, 786, '2025-03-20', '20:00:00', 2),
(787, 44, 787, '2025-03-20', '15:00:00', 2),
(788, 22, 788, '2025-03-20', '17:30:00', 2),
(789, 21, 789, '2025-03-27', '12:30:00', 2),
(790, 34, 790, '2025-03-27', '15:00:00', 2),
(791, 35, 791, '2025-03-27', '17:30:00', 2),
(792, 36, 792, '2025-03-27', '20:00:00', 2),
(793, 37, 793, '2025-03-27', '15:00:00', 2),
(794, 38, 794, '2025-03-27', '12:30:00', 2),
(795, 39, 795, '2025-03-27', '17:30:00', 2),
(796, 40, 796, '2025-03-27', '17:30:00', 2),
(797, 41, 797, '2025-03-27', '15:00:00', 2),
(798, 42, 798, '2025-03-27', '15:00:00', 2),
(799, 43, 799, '2025-03-27', '17:30:00', 2),
(800, 44, 800, '2025-03-27', '12:30:00', 2),
(801, 21, 801, '2025-04-03', '17:30:00', 2),
(802, 33, 802, '2025-04-03', '12:30:00', 2),
(803, 34, 803, '2025-04-03', '12:30:00', 2),
(804, 35, 804, '2025-04-03', '17:30:00', 2),
(805, 36, 805, '2025-04-03', '12:30:00', 2),
(806, 37, 806, '2025-04-03', '17:30:00', 2),
(807, 38, 807, '2025-04-03', '17:30:00', 2),
(808, 39, 808, '2025-04-03', '20:00:00', 2),
(809, 40, 809, '2025-04-03', '12:30:00', 2),
(810, 41, 810, '2025-04-03', '12:30:00', 2),
(811, 42, 811, '2025-04-03', '20:00:00', 2),
(812, 43, 812, '2025-04-03', '12:30:00', 2),
(813, 21, 813, '2025-04-10', '20:00:00', 2),
(814, 32, 814, '2025-04-10', '17:30:00', 2),
(815, 33, 815, '2025-04-10', '15:00:00', 2),
(816, 34, 816, '2025-04-10', '12:30:00', 2),
(817, 35, 817, '2025-04-10', '20:00:00', 2),
(818, 36, 818, '2025-04-10', '20:00:00', 2),
(819, 37, 819, '2025-04-10', '20:00:00', 2),
(820, 38, 820, '2025-04-10', '15:00:00', 2),
(821, 39, 821, '2025-04-10', '12:30:00', 2),
(822, 40, 822, '2025-04-10', '20:00:00', 2),
(823, 41, 823, '2025-04-10', '20:00:00', 2),
(824, 42, 824, '2025-04-10', '17:30:00', 2),
(825, 21, 825, '2025-04-17', '15:00:00', 2),
(826, 31, 826, '2025-04-17', '17:30:00', 2),
(827, 32, 827, '2025-04-17', '15:00:00', 2),
(828, 33, 828, '2025-04-17', '17:30:00', 2),
(829, 34, 829, '2025-04-17', '15:00:00', 2),
(830, 35, 830, '2025-04-17', '12:30:00', 2),
(831, 36, 831, '2025-04-17', '17:30:00', 2),
(832, 37, 832, '2025-04-17', '15:00:00', 2),
(833, 38, 833, '2025-04-17', '12:30:00', 2),
(834, 39, 834, '2025-04-17', '15:00:00', 2),
(835, 40, 835, '2025-04-17', '12:30:00', 2),
(836, 41, 836, '2025-04-17', '15:00:00', 2),
(837, 21, 837, '2025-04-24', '17:30:00', 2),
(838, 30, 838, '2025-04-24', '17:30:00', 2),
(839, 31, 839, '2025-04-24', '17:30:00', 2),
(840, 32, 840, '2025-04-24', '15:00:00', 2),
(841, 33, 841, '2025-04-24', '12:30:00', 2),
(842, 34, 842, '2025-04-24', '12:30:00', 2),
(843, 35, 843, '2025-04-24', '12:30:00', 2),
(844, 36, 844, '2025-04-24', '20:00:00', 2),
(845, 37, 845, '2025-04-24', '20:00:00', 2),
(846, 38, 846, '2025-04-24', '17:30:00', 2),
(847, 39, 847, '2025-04-24', '17:30:00', 2),
(848, 40, 848, '2025-04-24', '15:00:00', 2),
(849, 21, 849, '2025-05-01', '17:30:00', 2),
(850, 29, 850, '2025-05-01', '12:30:00', 2),
(851, 30, 851, '2025-05-01', '12:30:00', 2),
(852, 31, 852, '2025-05-01', '20:00:00', 2),
(853, 32, 853, '2025-05-01', '17:30:00', 2),
(854, 33, 854, '2025-05-01', '20:00:00', 2),
(855, 34, 855, '2025-05-01', '20:00:00', 2),
(856, 35, 856, '2025-05-01', '15:00:00', 2),
(857, 36, 857, '2025-05-01', '20:00:00', 2),
(858, 37, 858, '2025-05-01', '17:30:00', 2),
(859, 38, 859, '2025-05-01', '15:00:00', 2),
(860, 39, 860, '2025-05-01', '15:00:00', 2),
(861, 21, 861, '2025-05-08', '17:30:00', 2),
(862, 28, 862, '2025-05-08', '20:00:00', 2),
(863, 29, 863, '2025-05-08', '15:00:00', 2),
(864, 30, 864, '2025-05-08', '17:30:00', 2),
(865, 31, 865, '2025-05-08', '12:30:00', 2),
(866, 32, 866, '2025-05-08', '12:30:00', 2),
(867, 33, 867, '2025-05-08', '20:00:00', 2),
(868, 34, 868, '2025-05-08', '12:30:00', 2),
(869, 35, 869, '2025-05-08', '15:00:00', 2),
(870, 36, 870, '2025-05-08', '17:30:00', 2),
(871, 37, 871, '2025-05-08', '15:00:00', 2),
(872, 38, 872, '2025-05-08', '12:30:00', 2),
(873, 21, 873, '2025-05-15', '12:30:00', 2),
(874, 27, 874, '2025-05-15', '20:00:00', 2),
(875, 28, 875, '2025-05-15', '15:00:00', 2),
(876, 29, 876, '2025-05-15', '20:00:00', 2),
(877, 30, 877, '2025-05-15', '15:00:00', 2),
(878, 31, 878, '2025-05-15', '15:00:00', 2),
(879, 32, 879, '2025-05-15', '17:30:00', 2),
(880, 33, 880, '2025-05-15', '20:00:00', 2),
(881, 34, 881, '2025-05-15', '12:30:00', 2),
(882, 35, 882, '2025-05-15', '12:30:00', 2),
(883, 36, 883, '2025-05-15', '17:30:00', 2),
(884, 37, 884, '2025-05-15', '20:00:00', 2),
(885, 21, 885, '2025-05-22', '15:00:00', 2),
(886, 26, 886, '2025-05-22', '17:30:00', 2),
(887, 27, 887, '2025-05-22', '20:00:00', 2),
(888, 28, 888, '2025-05-22', '15:00:00', 2),
(889, 29, 889, '2025-05-22', '12:30:00', 2),
(890, 30, 890, '2025-05-22', '20:00:00', 2),
(891, 31, 891, '2025-05-22', '20:00:00', 2),
(892, 32, 892, '2025-05-22', '17:30:00', 2),
(893, 33, 893, '2025-05-22', '12:30:00', 2),
(894, 34, 894, '2025-05-22', '20:00:00', 2),
(895, 35, 895, '2025-05-22', '12:30:00', 2),
(896, 36, 896, '2025-05-22', '20:00:00', 2),
(897, 21, 897, '2025-05-29', '12:30:00', 2),
(898, 25, 898, '2025-05-29', '17:30:00', 2),
(899, 26, 899, '2025-05-29', '15:00:00', 2),
(900, 27, 900, '2025-05-29', '15:00:00', 2),
(901, 28, 901, '2025-05-29', '15:00:00', 2),
(902, 29, 902, '2025-05-29', '20:00:00', 2),
(903, 30, 903, '2025-05-29', '20:00:00', 2),
(904, 31, 904, '2025-05-29', '17:30:00', 2),
(905, 32, 905, '2025-05-29', '15:00:00', 2),
(906, 33, 906, '2025-05-29', '20:00:00', 2),
(907, 34, 907, '2025-05-29', '17:30:00', 2),
(908, 35, 908, '2025-05-29', '15:00:00', 2),
(909, 21, 909, '2025-06-05', '20:00:00', 2),
(910, 24, 910, '2025-06-05', '20:00:00', 2),
(911, 25, 911, '2025-06-05', '15:00:00', 2),
(912, 26, 912, '2025-06-05', '17:30:00', 2),
(913, 27, 913, '2025-06-05', '12:30:00', 2),
(914, 28, 914, '2025-06-05', '20:00:00', 2),
(915, 29, 915, '2025-06-05', '17:30:00', 2),
(916, 30, 916, '2025-06-05', '17:30:00', 2),
(917, 31, 917, '2025-06-05', '17:30:00', 2),
(918, 32, 918, '2025-06-05', '20:00:00', 2),
(919, 33, 919, '2025-06-05', '17:30:00', 2),
(920, 34, 920, '2025-06-05', '12:30:00', 2),
(921, 21, 921, '2025-06-12', '20:00:00', 2),
(922, 23, 922, '2025-06-12', '15:00:00', 2),
(923, 24, 923, '2025-06-12', '17:30:00', 2),
(924, 25, 924, '2025-06-12', '15:00:00', 2),
(925, 26, 925, '2025-06-12', '20:00:00', 2),
(926, 27, 926, '2025-06-12', '20:00:00', 2),
(927, 28, 927, '2025-06-12', '20:00:00', 2),
(928, 29, 928, '2025-06-12', '15:00:00', 2),
(929, 30, 929, '2025-06-12', '15:00:00', 2),
(930, 31, 930, '2025-06-12', '12:30:00', 2),
(931, 32, 931, '2025-06-12', '17:30:00', 2),
(932, 33, 932, '2025-06-12', '20:00:00', 2);
SELECT * FROM Schedule

-- 'Goal'
	-- Table
CREATE TABLE Goal (
    id SERIAL PRIMARY KEY,
    time_of_goal INT NOT NULL,
	player_id INT,
	match_id INT,
    FOREIGN KEY (player_id) REFERENCES Player(id),
    FOREIGN KEY (match_id) REFERENCES Match(id)
);
	-- Insert
INSERT INTO Goal (id, time_of_goal, player_id, match_id) VALUES
(1, 12, 1, 1),
(2, 45, 5, 1),
(3, 66, 7, 1),
(4, 2, 13, 2),
(5, 6, 17, 2),
(6, 67, 17, 2),
(7, 78, 17, 2),
(8, 34, 27, 3),
(9, 35, 27, 3),
(10, 39, 192, 3),
(11, 65, 192, 3),
(12, 1, 180, 4),
(13, 6, 180, 4),
(14, 9, 182, 4),
(15, 16, 182, 4),
(16, 76, 37, 4),
(17, 78, 37, 4),
(18, 89, 37, 4),
(19, 90, 35, 4),
(20, 1, 47, 5),
(21, 5, 47, 5),
(22, 76, 47, 5),
(23, 78, 170, 5),
(24, 85, 170, 5),
(25, 88, 170, 5),
(26, 90, 49, 5),
(27, 3, 57, 6),
(28, 7, 158, 6),
(29, 12, 158, 6),
(30, 54, 158, 6),
(31, 65, 162, 6),
(32, 87, 162, 6),
(33, 1, 69, 7),
(34, 43, 73, 7),
(35, 54, 146, 7),
(36, 65, 146, 7),
(37, 87, 150, 7),
(38, 88, 154, 7),
(39, 88, 154, 7),
(40, 3, 81, 8),
(41, 65, 85, 8),
(42, 67, 134, 8),
(43, 3, 89, 9),
(44, 34, 93, 9),
(45, 55, 122, 9),
(46, 66, 122, 9),
(47, 78, 122, 9),
(48, 23, 102, 10),
(49, 25, 102, 10),
(50, 26, 102, 10),
(51, 34, 110, 10),
(52, 45, 114, 10),
(53, 65, 114, 10),
(54, 67, 114, 10),
(55, 68, 118, 10),
(56, 87, 118, 10),
(57, 23, 5, 11),
(58, 54, 9, 11),
(59, 65, 1, 11),
(60, 73, 206, 11),
(61, 44, 194, 12),
(62, 48, 210, 12),
(63, 78, 210, 12),
(64, 79, 214, 12),
(65, 89, 218, 12),
(66, 90, 194, 12),
(67, 3, 13, 13),
(68, 65, 13, 13),
(69, 66, 17, 13),
(70, 78, 21, 13),
(71, 88, 21, 13),
(72, 90, 186, 13),
(73, 43, 25, 14),
(74, 45, 25, 14),
(75, 56, 29, 14),
(76, 56, 33, 14),
(77, 67, 166, 14),
(78, 78, 166, 14),
(79, 84, 166, 14),
(80, 90, 166, 14),
(81, 90, 170, 14),
(82, 1, 37, 15),
(83, 2, 158, 15),
(84, 34, 162, 15),
(85, 3, 45, 16),
(86, 4, 49, 16),
(87, 56, 53, 16),
(88, 67, 146, 16),
(89, 87, 146, 16),
(90, 45, 57, 17),
(91, 52, 57, 17),
(92, 65, 61, 17),
(93, 67, 61, 17),
(94, 67, 65, 17),
(95, 69, 134, 17),
(96, 80, 134, 17),
(97, 54, 69, 18),
(98, 56, 69, 18),
(99, 67, 69, 18),
(100, 68, 73, 18),
(101, 69, 77, 18),
(102, 75, 122, 18),
(103, 76, 122, 18),
(104, 87, 122, 18),
(105, 89, 126, 18),
(106, 90, 130, 18),
(107, 1, 81, 19),
(108, 45, 114, 19),
(109, 56, 118, 19),
(110, 3, 89, 20),
(111, 34, 93, 20),
(112, 45, 97, 20),
(113, 62, 102, 20),
(114, 71, 106, 20),
(115, 90, 110, 20);
SELECT * FROM Goal

-- 'Assist'
DROP TABLE Assist
	-- Table
CREATE TABLE Assist (
    id SERIAL PRIMARY KEY,
    time_of_goal INT NOT NULL,
	player_id INT,
	goal_id INT,
	match_id INT,
    FOREIGN KEY (player_id) REFERENCES Player(id),
    FOREIGN KEY (goal_id) REFERENCES Goal(id),
    FOREIGN KEY (match_id) REFERENCES Match(id)
);
	-- Insert
INSERT INTO Assist (id, time_of_goal, player_id, goal_id, match_id) VALUES
(1, 12, 4, 1, 1),
(2, 45, 8, 2, 1),
(3, 66, 8, 3, 1),
(4, 2, 16, 4, 2),
(5, 6, 16, 5, 2),
(6, 67, 20, 6, 2),
(7, 78, 20, 7, 2),
(8, 34, 24, 8, 3),
(9, 35, 28, 9, 3),
(10, 39, 189, 10, 3),
(11, 65, 189, 11, 3),
(12, 1, 36, 12, 4),
(13, 6, 36, 13, 4),
(14, 9, 40, 14, 4),
(15, 16, 40, 15, 4),
(16, 76, 181, 16, 4),
(17, 78, 181, 17, 4),
(18, 89, 181, 18, 4),
(19, 90, 185, 19, 4),
(20, 1, 48, 20, 5),
(21, 5, 52, 21, 5),
(22, 76, 52, 22, 5),
(23, 78, 56, 23, 5),
(24, 85, 169, 24, 5),
(25, 88, 169, 25, 5),
(26, 90, 173, 26, 5),
(27, 3, 60, 27, 6),
(28, 7, 157, 28, 6),
(29, 12, 157, 29, 6),
(30, 54, 161, 30, 6),
(31, 65, 165, 31, 6),
(32, 87, 165, 32, 6),
(33, 1, 68, 33, 7),
(34, 43, 72, 34, 7),
(35, 54, 145, 35, 7),
(36, 65, 145, 36, 7),
(37, 87, 149, 37, 7),
(38, 88, 153, 38, 7),
(39, 88, 153, 39, 7),
(40, 3, 80, 40, 8),
(41, 65, 84, 41, 8),
(42, 67, 137, 42, 8),
(43, 3, 92, 43, 9),
(44, 34, 96, 44, 9),
(45, 55, 125, 45, 9),
(46, 66, 129, 46, 9),
(47, 78, 133, 47, 9),
(48, 23, 101, 48, 10),
(49, 25, 101, 49, 10),
(50, 26, 105, 50, 10),
(51, 34, 105, 51, 10),
(52, 45, 113, 52, 10),
(53, 65, 113, 53, 10),
(54, 67, 117, 54, 10),
(55, 68, 121, 55, 10),
(56, 87, 121, 56, 10),
(57, 23, 4, 57, 11),
(58, 54, 8, 58, 11),
(59, 65, 12, 59, 11),
(60, 73, 201, 60, 11),
(61, 44, 189, 61, 12),
(62, 48, 193, 62, 12),
(63, 78, 213, 63, 12),
(64, 79, 213, 64, 12),
(65, 89, 217, 65, 12),
(66, 90, 221, 66, 12),
(67, 3, 16, 67, 13),
(68, 65, 16, 68, 13),
(69, 66, 16, 69, 13),
(70, 78, 20, 70, 13),
(71, 88, 20, 71, 13),
(72, 90, 30, 72, 13),
(73, 43, 24, 73, 14),
(74, 45, 24, 74, 14),
(75, 56, 28, 75, 14),
(76, 56, 32, 76, 14),
(77, 67, 169, 77, 14),
(78, 78, 169, 78, 14),
(79, 84, 173, 79, 14),
(80, 90, 173, 80, 14),
(81, 90, 177, 81, 14),
(82, 1, 40, 82, 15),
(83, 2, 157, 83, 15),
(84, 34, 161, 84, 15),
(85, 3, 48, 85, 16),
(86, 4, 52, 86, 16),
(87, 56, 56, 87, 16),
(88, 67, 149, 88, 16),
(89, 87, 153, 89, 16),
(90, 45, 60, 90, 17),
(91, 52, 60, 91, 17),
(92, 65, 60, 92, 17),
(93, 67, 64, 93, 17),
(94, 67, 64, 94, 17),
(95, 69, 137, 95, 17),
(96, 80, 141, 96, 17),
(97, 54, 68, 97, 18),
(98, 56, 68, 98, 18),
(99, 67, 72, 99, 18),
(100, 68, 72, 100, 18),
(101, 69, 76, 101, 18),
(102, 75, 125, 102, 18),
(103, 76, 125, 103, 18),
(104, 87, 125, 104, 18),
(105, 89, 129, 105, 18),
(106, 90, 133, 106, 18),
(107, 1, 80, 107, 19),
(108, 45, 113, 108, 19),
(109, 56, 117, 109, 19),
(110, 3, 92, 110, 20),
(111, 34, 96, 111, 20),
(112, 45, 92, 112, 20),
(113, 62, 105, 113, 20),
(114, 71, 105, 114, 20),
(115, 90, 109, 115, 20);
SELECT * FROM Assist

-- ADD INS/ALTER TABLE
	-- 'Team' Table
ALTER TABLE Team 
ADD manager_id INT;
ALTER TABLE Team 
ADD nationality_id INT;
ALTER TABLE Team 
ADD league_id INT;

UPDATE Team
SET 
    manager_id = CASE 
                    WHEN id = 1 THEN 1
                    WHEN id = 2 THEN 2
                    WHEN id = 3 THEN 3
                    WHEN id = 4 THEN 4
                    WHEN id = 5 THEN 5
                    WHEN id = 6 THEN 6
                    WHEN id = 7 THEN 7
                    WHEN id = 8 THEN 8
                    WHEN id = 9 THEN 9
                    WHEN id = 10 THEN 10
                    WHEN id = 11 THEN 11
                    WHEN id = 12 THEN 12
                    WHEN id = 13 THEN 13
                    WHEN id = 14 THEN 14
                    WHEN id = 15 THEN 15
                    WHEN id = 16 THEN 16
                    WHEN id = 17 THEN 17
                    WHEN id = 18 THEN 18
                    WHEN id = 19 THEN 19
                    WHEN id = 20 THEN 20
                    WHEN id = 21 THEN 21
                    WHEN id = 22 THEN 22
                    WHEN id = 23 THEN 23
                    WHEN id = 24 THEN 24
                    WHEN id = 25 THEN 25
                    WHEN id = 26 THEN 26
                    WHEN id = 27 THEN 27
                    WHEN id = 28 THEN 28
                    WHEN id = 29 THEN 29
                    WHEN id = 30 THEN 30
                    WHEN id = 31 THEN 31
                    WHEN id = 32 THEN 32
                    WHEN id = 33 THEN 33
                    WHEN id = 34 THEN 34
                    WHEN id = 35 THEN 35
                    WHEN id = 36 THEN 36
                    WHEN id = 37 THEN 37
                    WHEN id = 38 THEN 38
                    WHEN id = 39 THEN 39
                    WHEN id = 40 THEN 40
                    WHEN id = 41 THEN 41
                    WHEN id = 42 THEN 42
                    WHEN id = 43 THEN 43
                    WHEN id = 44 THEN 44
                    ELSE manager_id 
                 END,
    nationality_id = CASE 
                        WHEN id <= 44 THEN 21
                        ELSE nationality_id 
                     END,
    league_id = CASE 
                    WHEN id <= 20 THEN 1
					WHEN id <= 44 THEN 2
                    ELSE league_id 
                END
WHERE id IN (1, 2, 3, 4, 5, 6, 7, 8, 9, 10, 
             11, 12, 13, 14, 15, 16, 17, 18, 19, 20, 
             21, 22, 23, 24, 25, 26, 27, 28, 29, 30, 
             31, 32, 33, 34, 35, 36, 37, 38, 39, 40, 
             41, 42, 43, 44);
SELECT * FROM Team

	-- 'Goal' Table
ALTER TABLE Goal 
ADD assist_id INT;

UPDATE Goal
SET 
    assist_id = CASE 
                    WHEN id = 1 THEN 1
                    WHEN id = 2 THEN 2
                    WHEN id = 3 THEN 3
                    WHEN id = 4 THEN 4
                    WHEN id = 5 THEN 5
                    WHEN id = 6 THEN 6
                    WHEN id = 7 THEN 7
                    WHEN id = 8 THEN 8
                    WHEN id = 9 THEN 9
                    WHEN id = 10 THEN 10
                    WHEN id = 11 THEN 11
                    WHEN id = 12 THEN 12
                    WHEN id = 13 THEN 13
                    WHEN id = 14 THEN 14
                    WHEN id = 15 THEN 15
                    WHEN id = 16 THEN 16
                    WHEN id = 17 THEN 17
                    WHEN id = 18 THEN 18
                    WHEN id = 19 THEN 19
                    WHEN id = 20 THEN 20
                    WHEN id = 21 THEN 21
                    WHEN id = 22 THEN 22
                    WHEN id = 23 THEN 23
                    WHEN id = 24 THEN 24
                    WHEN id = 25 THEN 25
                    WHEN id = 26 THEN 26
                    WHEN id = 27 THEN 27
                    WHEN id = 28 THEN 28
                    WHEN id = 29 THEN 29
                    WHEN id = 30 THEN 30
                    WHEN id = 31 THEN 31
                    WHEN id = 32 THEN 32
                    WHEN id = 33 THEN 33
                    WHEN id = 34 THEN 34
                    WHEN id = 35 THEN 35
                    WHEN id = 36 THEN 36
                    WHEN id = 37 THEN 37
                    WHEN id = 38 THEN 38
                    WHEN id = 39 THEN 39
                    WHEN id = 40 THEN 40
                    WHEN id = 41 THEN 41
                    WHEN id = 42 THEN 42
                    WHEN id = 43 THEN 43
                    WHEN id = 44 THEN 44
                    WHEN id = 45 THEN 45
                    WHEN id = 46 THEN 46
                    WHEN id = 47 THEN 47
                    WHEN id = 48 THEN 48
                    WHEN id = 49 THEN 49
                    WHEN id = 50 THEN 50
                    WHEN id = 51 THEN 51
                    WHEN id = 52 THEN 52
                    WHEN id = 53 THEN 53
                    WHEN id = 54 THEN 54
                    WHEN id = 55 THEN 55
                    WHEN id = 56 THEN 56
                    WHEN id = 57 THEN 57
                    WHEN id = 58 THEN 58
                    WHEN id = 59 THEN 59
                    WHEN id = 60 THEN 60
                    WHEN id = 61 THEN 61
                    WHEN id = 62 THEN 62
                    WHEN id = 63 THEN 63
                    WHEN id = 64 THEN 64
                    WHEN id = 65 THEN 65
                    WHEN id = 66 THEN 66
                    WHEN id = 67 THEN 67
                    WHEN id = 68 THEN 68
                    WHEN id = 69 THEN 69
                    WHEN id = 70 THEN 70
                    WHEN id = 71 THEN 71
                    WHEN id = 72 THEN 72
                    WHEN id = 73 THEN 73
                    WHEN id = 74 THEN 74
                    WHEN id = 75 THEN 75
                    WHEN id = 76 THEN 76
                    WHEN id = 77 THEN 77
                    WHEN id = 78 THEN 78
                    WHEN id = 79 THEN 79
                    WHEN id = 80 THEN 80
                    WHEN id = 81 THEN 81
                    WHEN id = 82 THEN 82
                    WHEN id = 83 THEN 83
                    WHEN id = 84 THEN 84
                    WHEN id = 85 THEN 85
                    WHEN id = 86 THEN 86
                    WHEN id = 87 THEN 87
                    WHEN id = 88 THEN 88
                    WHEN id = 89 THEN 89
                    WHEN id = 90 THEN 90
                    WHEN id = 91 THEN 91
                    WHEN id = 92 THEN 92
                    WHEN id = 93 THEN 93
                    WHEN id = 94 THEN 94
                    WHEN id = 95 THEN 95
                    WHEN id = 96 THEN 96
                    WHEN id = 97 THEN 97
                    WHEN id = 98 THEN 98
                    WHEN id = 99 THEN 99
                    WHEN id = 100 THEN 100
                    WHEN id = 101 THEN 101
                    WHEN id = 102 THEN 102
                    WHEN id = 103 THEN 103
                    WHEN id = 104 THEN 104
                    WHEN id = 105 THEN 105
                    WHEN id = 106 THEN 106
                    WHEN id = 107 THEN 107
                    WHEN id = 108 THEN 108
                    WHEN id = 109 THEN 109
                    WHEN id = 110 THEN 110
                    WHEN id = 111 THEN 111
                    WHEN id = 112 THEN 112
                    WHEN id = 113 THEN 113
                    WHEN id = 114 THEN 114
                    WHEN id = 115 THEN 115
                    ELSE assist_id 
                 END
WHERE id IN (1, 2, 3, 4, 5, 6, 7, 8, 9, 10, 
             11, 12, 13, 14, 15, 16, 17, 18, 19, 20, 
             21, 22, 23, 24, 25, 26, 27, 28, 29, 30, 
             31, 32, 33, 34, 35, 36, 37, 38, 39, 40, 
             41, 42, 43, 44, 45, 46, 47, 48, 49, 50, 
             51, 52, 53, 54, 55, 56, 57, 58, 59, 60, 
             61, 62, 63, 64, 65, 66, 67, 68, 69, 70, 
             71, 72, 73, 74, 75, 76, 77, 78, 79, 80, 
             81, 82, 83, 84, 85, 86, 87, 88, 89, 90, 
             91, 92, 93, 94, 95, 96, 97, 98, 99, 100, 
             101, 102, 103, 104, 105, 106, 107, 108, 109, 110, 
             111, 112, 113, 114, 115);
SELECT * FROM Goal

-- 'SELECT' statements for tables
SELECT * FROM continent
SELECT * FROM nationality
SELECT * FROM referee
SELECT * FROM team
SELECT * FROM team_records
SELECT * FROM league
SELECT * FROM player
SELECT * FROM manager
SELECT * FROM match
SELECT * FROM clean_sheets
SELECT * FROM stadium
SELECT * FROM schedule
SELECT * FROM goal
SELECT * FROM assist

SELECT *
FROM manager
JOIN referee ON manager.nationality_id = referee.nationality_id
JOIN nationality ON manager.nationality_id = nationality.id;



SELECT manager.nationality_id, AVG(age) AS average_age
FROM manager
GROUP BY nationality_id;




SELECT team.id, team.team_name, SUM(goal.id) AS total_goals
FROM team
JOIN goal ON team.id = goal.id
GROUP BY team.id, team.team_name
ORDER BY total_goals DESC;


SELECT *
FROM match
WHERE home_score = 5 AND away_score = 0;


